id,pid,work_id,book,juan,heading_as_written,copy,seq_start,seq_end,pages_as_printed
321,P0001,5,文廟史典,卷之二十一,肇聖王木金父公,hvd-32044068331941,1035,1037,
1,P0001,4,文廟通考,,肇聖王,hvd-32044068331768,23,25,
322,P0002,5,文廟史典,卷之二十一,裕聖王祈父公,hvd-32044068331941,1039,1040,
2,P0002,4,文廟通考,,裕聖王,hvd-32044068331768,23,25,
323,P0003,5,文廟史典,卷之二十一,詒聖王防叔公,hvd-32044068331941,1041,1042,
3,P0003,4,文廟通考,,詒聖王,hvd-32044068331768,23,25,
324,P0004,5,文廟史典,卷之二十一,昌聖王伯夏公,hvd-32044068331941,1043,1044,
4,P0004,4,文廟通考,,昌聖王,hvd-32044068331768,23,25,
325,P0005,5,文廟史典,卷之二十一,啓聖王叔梁公,hvd-32044068331941,1045,1048,
5,P0005,4,文廟通考,,啓聖王,hvd-32044068331768,23,25,
484,P0005,10,文廟祀典考,卷七,叔梁紇,nnc1-cu04805356,453,454,
6,P0006,4,文廟通考,,先賢孔氏,hvd-32044068331768,25,26,
485,P0006,10,文廟祀典考,卷七,孟皮,nnc1-cu04805356,455,455,
338,P0007,6,文廟彙考,卷三,顏無繇,hvd-32044068331958,90,90,
326,P0007,5,文廟史典,卷之二十一,先賢顏氏無繇,hvd-32044068331941,1049,1050,
7,P0007,4,文廟通考,,先賢顏氏,hvd-32044068331768,26,27,
509,P0007,10,文廟祀典考,卷十一,顏無繇,nnc1-cu04805356,685,685,
420,P0008,6,文廟彙考,卷四,孔鯉,hvd-32044068331958,151,152,
327,P0008,5,文廟史典,卷之二十一,先賢孔氏鯉,hvd-32044068331941,1051,1054,
8,P0008,4,文廟通考,,先賢孔氏,hvd-32044068331768,26,27,
486,P0008,10,文廟祀典考,卷七,伯魚,nnc1-cu04805356,554,555,
340,P0009,6,文廟彙考,卷三,曾蒧,hvd-32044068331958,92,93,
328,P0009,5,文廟史典,卷之二十一,先賢曾氏點,hvd-32044068331941,1055,1056,
9,P0009,4,文廟通考,,先賢曾氏,hvd-32044068331768,27,28,
508,P0009,10,文廟祀典考,卷十一,曾點,nnc1-cu04805356,684,685,
329,P0010,5,文廟史典,卷之二十一,先賢孟孫氏,hvd-32044068331941,1057,1058,
10,P0010,4,文廟通考,,先賢孟孫氏,hvd-32044068331768,27,28,
330,P0011,5,文廟史典,卷之二十一,先儒周輔成,hvd-32044068331941,1059,1060,
11,P0011,4,文廟通考,,先儒周氏,hvd-32044068331768,27,28,
331,P0012,5,文廟史典,卷之二十一,先儒程珦,hvd-32044068331941,1061,1064,
12,P0012,4,文廟通考,,先儒程氏,hvd-32044068331768,28,31,
599,P0012,10,文廟祀典考,卷二十七,程珦,nnc1-cu04805364,220,223,
333,P0013,5,文廟史典,卷之二十一,先儒張迪,hvd-32044068331941,1073,1074,
13,P0013,4,文廟通考,,先儒張氏,hvd-32044068331768,31,32,
334,P0014,5,文廟史典,卷之二十一,先儒朱松,hvd-32044068331941,1075,1076,
14,P0014,4,文廟通考,,先儒朱氏,hvd-32044068331768,32,33,
612,P0014,10,文廟祀典考,卷三十三,朱松,nnc1-cu04805364,367,369,
332,P0015,5,文廟史典,卷之二十一,先儒蔡元定,hvd-32044068331941,1065,1072,
15,P0015,4,文廟通考,,先儒蔡氏,hvd-32044068331768,33,37,
618,P0015,10,文廟祀典考,卷三十五,蔡元定,nnc1-cu04805364,427,430,
335,P0016,6,文廟彙考,卷二,聖蹟編年,hvd-32044068331958,41,79,
175,P0016,5,文廟史典,卷之一,至聖先師孔子,hvd-32044068331941,35,77,
16,P0016,4,文廟通考,,至聖先師孔子,hvd-32044068331768,37,53,
483,P0016,10,文廟祀典考,卷七,孔子年系,nnc1-cu04805356,447,555,
347,P0017,6,文廟彙考,卷三,顏回,hvd-32044068331958,99,101,
176,P0017,5,文廟史典,卷之二,復聖顏子,hvd-32044068331941,79,80,
17,P0017,4,文廟通考,,復聖顏子,hvd-32044068331768,53,54,
487,P0017,10,文廟祀典考,卷八,顏回,nnc1-cu04805356,564,571,
360,P0018,6,文廟彙考,卷三,曾參,hvd-32044068331958,116,118,
178,P0018,5,文廟史典,卷之二,宗聖曾子,hvd-32044068331941,83,83,
18,P0018,4,文廟通考,,宗聖曾子,hvd-32044068331768,54,55,
488,P0018,10,文廟祀典考,卷八,曾參,nnc1-cu04805356,572,582,
421,P0019,6,文廟彙考,卷四,孔伋,hvd-32044068331958,151,153,
177,P0019,5,文廟史典,卷之二,述聖子思子,hvd-32044068331941,81,82,
19,P0019,4,文廟通考,,述聖子思子,hvd-32044068331768,55,63,
489,P0019,10,文廟祀典考,卷九,孔伋,nnc1-cu04805356,583,588,
336,P0020,6,文廟彙考,卷二,孟子事蹟,hvd-32044068331958,80,87,
179,P0020,5,文廟史典,卷之二,亞聖孟子,hvd-32044068331941,85,90,
20,P0020,4,文廟通考,,亞聖孟子,hvd-32044068331768,63,69,
490,P0020,10,文廟祀典考,卷九,孟軻,nnc1-cu04805356,588,596,
342,P0021,6,文廟彙考,卷三,閔損,hvd-32044068331958,94,96,
180,P0021,5,文廟史典,卷之三,先賢閔子損,hvd-32044068331941,95,96,
21,P0021,4,文廟通考,,閔子,hvd-32044068331768,69,70,
491,P0021,10,文廟祀典考,卷十,閔損,nnc1-cu04805356,597,601,
343,P0022,6,文廟彙考,卷三,冉雍,hvd-32044068331958,96,97,
181,P0022,5,文廟史典,卷之三,先賢冉子雍,hvd-32044068331941,97,98,
22,P0022,4,文廟通考,,冉子,hvd-32044068331768,70,73,
493,P0022,10,文廟祀典考,卷十,冉雍,nnc1-cu04805356,603,605,
350,P0023,6,文廟彙考,卷三,魯衛相端木賜,hvd-32044068331958,104,105,
182,P0023,5,文廟史典,卷之三,先賢端木子賜,hvd-32044068331941,99,108,
23,P0023,4,文廟通考,,端木子,hvd-32044068331768,70,73,
495,P0023,10,文廟祀典考,卷十,端木賜,nnc1-cu04805356,611,620,
339,P0024,6,文廟彙考,卷三,蒲大夫仲由,hvd-32044068331958,91,92,
183,P0024,5,文廟史典,卷之三,先賢仲子由,hvd-32044068331941,109,112,
24,P0024,4,文廟通考,,仲子,hvd-32044068331768,73,75,
497,P0024,10,文廟祀典考,卷十,仲由,nnc1-cu04805356,624,632,
358,P0025,6,文廟彙考,卷三,莒父宰卜商,hvd-32044068331958,113,114,
184,P0025,5,文廟史典,卷之三,先賢卜子商,hvd-32044068331941,113,114,
25,P0025,4,文廟通考,,卜子,hvd-32044068331768,75,77,
499,P0025,10,文廟祀典考,卷十,卜商,nnc1-cu04805356,636,647,
351,P0026,6,文廟彙考,卷三,有若,hvd-32044068331958,105,107,
185,P0026,5,文廟史典,卷之三,先賢有子若,hvd-32044068331941,115,116,
26,P0026,4,文廟通考,,有子,hvd-32044068331768,77,78,
501,P0026,10,文廟祀典考,卷十,有若,nnc1-cu04805356,652,657,
369,P0027,6,文廟彙考,卷四,中都宰冉耕,hvd-32044068331958,131,132,
186,P0027,5,文廟史典,卷之三,先賢冉子耕,hvd-32044068331941,117,118,
27,P0027,4,文廟通考,,冉子,hvd-32044068331768,77,78,
492,P0027,10,文廟祀典考,卷十,冉耕,nnc1-cu04805356,601,603,
370,P0028,6,文廟彙考,卷四,臨淄大夫宰予,hvd-32044068331958,132,133,
187,P0028,5,文廟史典,卷之三,先賢宰子予,hvd-32044068331941,119,120,
28,P0028,4,文廟通考,,宰子,hvd-32044068331768,78,79,
494,P0028,10,文廟祀典考,卷十,宰予,nnc1-cu04805356,606,611,
344,P0029,6,文廟彙考,卷三,冉求,hvd-32044068331958,97,98,
188,P0029,5,文廟史典,卷之三,先賢冉子求,hvd-32044068331941,121,122,
29,P0029,4,文廟通考,,冉子,hvd-32044068331768,79,80,
496,P0029,10,文廟祀典考,卷十,冉求,nnc1-cu04805356,621,624,
359,P0030,6,文廟彙考,卷三,武城宰言偃,hvd-32044068331958,114,116,
189,P0030,5,文廟史典,卷之三,先賢言子偃,hvd-32044068331941,123,124,
30,P0030,4,文廟通考,,言子,hvd-32044068331768,79,80,
498,P0030,10,文廟祀典考,卷十,言偃,nnc1-cu04805356,632,635,
362,P0031,6,文廟彙考,卷三,顓孫師,hvd-32044068331958,119,120,
190,P0031,5,文廟史典,卷之三,先賢顓孫子師,hvd-32044068331941,125,126,
31,P0031,4,文廟通考,,顓孫子,hvd-32044068331768,80,95,
500,P0031,10,文廟祀典考,卷十,顓孫師,nnc1-cu04805356,647,651,
455,P0032,6,文廟彙考,卷九,宋史朱熹傳,hvd-32044068331958,369,375,
191,P0032,5,文廟史典,卷之四,先賢朱子熹,hvd-32044068331941,127,174,
32,P0032,4,文廟通考,,朱子,hvd-32044068331768,80,95,
613,P0032,10,文廟祀典考,卷三十三,熹,nnc1-cu04805364,369,397,
416,P0033,6,文廟彙考,卷四,衛大夫蘧瑗,hvd-32044068331958,149,150,
192,P0033,5,文廟史典,卷之五,先賢蘧瑗,hvd-32044068331941,175,176,
33,P0033,4,文廟通考,,蘧瑗,hvd-32044068331768,95,96,
579,P0033,10,文廟祀典考,卷十八,蘧瑗,nnc1-cu04805364,35,37,
34,P0034,4,文廟通考,,公孫僑,hvd-32044068331768,96,97,
578,P0034,10,文廟祀典考,卷十八,公孫僑,nnc1-cu04805364,33,35,
354,P0035,6,文廟彙考,卷三,魯大夫澹臺滅明,hvd-32044068331958,109,110,
193,P0035,5,文廟史典,卷之五,先賢澹臺滅明,hvd-32044068331941,177,178,
35,P0035,4,文廟通考,,澹臺滅明,hvd-32044068331768,97,98,
502,P0035,10,文廟祀典考,卷十一,澹臺滅明,nnc1-cu04805356,665,667,
417,P0036,6,文廟彙考,卷四,林放,hvd-32044068331958,150,150,
231,P0036,5,文廟史典,卷之七,先賢林放,hvd-32044068331941,249,250,
36,P0036,4,文廟通考,,林放,hvd-32044068331768,97,98,
568,P0036,10,文廟祀典考,卷十二,林放,nnc1-cu04805356,732,734,
353,P0037,6,文廟彙考,卷三,原憲,hvd-32044068331958,108,108,
194,P0037,5,文廟史典,卷之五,先賢原憲,hvd-32044068331941,179,180,
37,P0037,4,文廟通考,,原憲,hvd-32044068331768,98,99,
504,P0037,10,文廟祀典考,卷十一,原憲,nnc1-cu04805356,673,675,
355,P0038,6,文廟彙考,卷三,單父宰宓不齊,hvd-32044068331958,110,111,
232,P0038,5,文廟史典,卷之七,先賢宓不齊,hvd-32044068331941,251,260,
38,P0038,4,文廟通考,,宓不齊,hvd-32044068331768,99,101,
503,P0038,10,文廟祀典考,卷十一,宓不齊,nnc1-cu04805356,667,673,
372,P0039,6,文廟彙考,卷四,南宮縚,hvd-32044068331958,134,136,
195,P0039,5,文廟史典,卷之五,先賢南宮适,hvd-32044068331941,181,182,
39,P0039,4,文廟通考,,南宮适,hvd-32044068331768,101,102,
506,P0039,10,文廟祀典考,卷十一,南宮适,nnc1-cu04805356,676,683,
371,P0040,6,文廟彙考,卷四,公冶長,hvd-32044068331958,134,134,
233,P0040,5,文廟史典,卷之七,先賢公冶長,hvd-32044068331941,261,261,
40,P0040,4,文廟通考,,公冶長,hvd-32044068331768,101,102,
505,P0040,10,文廟祀典考,卷十一,公冶長,nnc1-cu04805356,675,675,
345,P0041,6,文廟彙考,卷三,商瞿,hvd-32044068331958,98,99,
196,P0041,5,文廟史典,卷之五,先賢商瞿,hvd-32044068331941,183,184,
41,P0041,4,文廟通考,,商瞿,hvd-32044068331768,101,102,
510,P0041,10,文廟祀典考,卷十一,商瞿,nnc1-cu04805356,685,691,
373,P0042,6,文廟彙考,卷四,公晳哀,hvd-32044068331958,136,136,
234,P0042,5,文廟史典,卷之七,先賢公晳哀,hvd-32044068331941,262,262,
42,P0042,4,文廟通考,,公皙哀,hvd-32044068331768,101,102,
507,P0042,10,文廟祀典考,卷十一,公晳哀,nnc1-cu04805356,684,684,
341,P0043,6,文廟彙考,卷三,漆雕開,hvd-32044068331958,93,94,
197,P0043,5,文廟史典,卷之五,先賢漆雕開,hvd-32044068331941,185,185,
43,P0043,4,文廟通考,,漆雕開,hvd-32044068331768,102,103,
512,P0043,10,文廟祀典考,卷十一,漆雕開,nnc1-cu04805356,693,695,
348,P0044,6,文廟彙考,卷三,衛士師高柴,hvd-32044068331958,101,103,
235,P0044,5,文廟史典,卷之七,先賢高柴,hvd-32044068331941,263,266,
44,P0044,4,文廟通考,,高柴,hvd-32044068331768,102,103,
511,P0044,10,文廟祀典考,卷十一,高柴,nnc1-cu04805356,691,693,
375,P0045,6,文廟彙考,卷四,司馬耕,hvd-32044068331958,137,137,
198,P0045,5,文廟史典,卷之五,先賢司馬耕,hvd-32044068331941,186,186,
45,P0045,4,文廟通考,,司馬耕,hvd-32044068331768,103,104,
513,P0045,10,文廟祀典考,卷十一,司馬耕,nnc1-cu04805356,695,696,
352,P0046,6,文廟彙考,卷三,樊須,hvd-32044068331958,107,107,
236,P0046,5,文廟史典,卷之七,先賢樊須,hvd-32044068331941,267,268,
46,P0046,4,文廟通考,,樊須,hvd-32044068331768,104,105,
514,P0046,10,文廟祀典考,卷十一,樊須,nnc1-cu04805356,696,697,
346,P0047,6,文廟彙考,卷三,梁鱣,hvd-32044068331958,99,99,
199,P0047,5,文廟史典,卷之五,先賢梁鱣,hvd-32044068331941,187,187,
47,P0047,4,文廟通考,,梁鱣,hvd-32044068331768,104,105,
517,P0047,10,文廟祀典考,卷十一,梁鱣,nnc1-cu04805356,700,701,
390,P0048,6,文廟彙考,卷四,商澤,hvd-32044068331958,140,140,
237,P0048,5,文廟史典,卷之七,先賢商澤,hvd-32044068331941,269,270,
48,P0048,4,文廟通考,,商澤,hvd-32044068331768,105,106,
530,P0048,10,文廟祀典考,卷十二,商澤,nnc1-cu04805356,711,711,
363,P0049,6,文廟彙考,卷三,冉孺,hvd-32044068331958,120,120,
200,P0049,5,文廟史典,卷之五,先賢冉孺,hvd-32044068331941,188,188,
49,P0049,4,文廟通考,,冉孺,hvd-32044068331768,105,106,
519,P0049,10,文廟祀典考,卷十一,冉孺,nnc1-cu04805356,701,702,
349,P0050,6,文廟彙考,卷三,單父宰巫馬施,hvd-32044068331958,103,104,
238,P0050,5,文廟史典,卷之七,先賢巫馬施,hvd-32044068331941,271,272,
50,P0050,4,文廟通考,,巫馬施,hvd-32044068331768,105,106,
516,P0050,10,文廟祀典考,卷十一,巫馬施,nnc1-cu04805356,698,700,
365,P0051,6,文廟彙考,卷三,伯虔,hvd-32044068331958,120,120,
201,P0051,5,文廟史典,卷之五,先賢伯虔,hvd-32044068331941,189,189,
51,P0051,4,文廟通考,,伯虔,hvd-32044068331768,105,106,
521,P0051,10,文廟祀典考,卷十一,伯虔,nnc1-cu04805356,702,702,
361,P0052,6,文廟彙考,卷三,顏辛,hvd-32044068331958,118,118,
239,P0052,5,文廟史典,卷之七,先賢顏辛,hvd-32044068331941,273,273,
52,P0052,4,文廟通考,,顏辛,hvd-32044068331768,106,107,
518,P0052,10,文廟祀典考,卷十一,顏辛,nnc1-cu04805356,701,701,
385,P0053,6,文廟彙考,卷四,冉季,hvd-32044068331958,139,139,
202,P0053,5,文廟史典,卷之五,先賢冉季,hvd-32044068331941,190,190,
53,P0053,4,文廟通考,,冉季,hvd-32044068331768,106,107,
523,P0053,10,文廟祀典考,卷十二,冉季,nnc1-cu04805356,707,707,
364,P0054,6,文廟彙考,卷三,曹卹,hvd-32044068331958,120,120,
240,P0054,5,文廟史典,卷之七,先賢曹卹,hvd-32044068331941,274,274,
54,P0054,4,文廟通考,,曹卹,hvd-32044068331768,106,107,
520,P0054,10,文廟祀典考,卷十一,曹卹,nnc1-cu04805356,702,702,
397,P0055,6,文廟彙考,卷四,漆雕徒父,hvd-32044068331958,141,141,
203,P0055,5,文廟史典,卷之五,先賢漆雕徒父,hvd-32044068331941,191,191,
55,P0055,4,文廟通考,,漆雕徒父,hvd-32044068331768,106,107,
528,P0055,10,文廟祀典考,卷十二,漆雕徒父,nnc1-cu04805356,709,710,
368,P0056,6,文廟彙考,卷三,公孫龍,hvd-32044068331958,122,122,
241,P0056,5,文廟史典,卷之七,先賢公孫龍,hvd-32044068331941,275,275,
56,P0056,4,文廟通考,,公孫龍,hvd-32044068331768,106,107,
522,P0056,10,文廟祀典考,卷十一,公孫龍,nnc1-cu04805356,702,704,
409,P0057,6,文廟彙考,卷四,漆雕哆,hvd-32044068331958,145,145,
204,P0057,5,文廟史典,卷之五,先賢漆雕哆,hvd-32044068331941,192,192,
57,P0057,4,文廟通考,,漆雕哆,hvd-32044068331768,107,108,
526,P0057,10,文廟祀典考,卷十二,漆雕哆,nnc1-cu04805356,707,708,
337,P0058,6,文廟彙考,卷三,秦商,hvd-32044068331958,89,90,
242,P0058,5,文廟史典,卷之七,先賢秦商,hvd-32044068331941,276,276,
58,P0058,4,文廟通考,,秦商,hvd-32044068331768,107,108,
543,P0058,10,文廟祀典考,卷十二,秦商,nnc1-cu04805356,716,717,
357,P0059,6,文廟彙考,卷三,公西赤,hvd-32044068331958,112,113,
205,P0059,5,文廟史典,卷之五,先賢公西赤,hvd-32044068331941,193,195,
59,P0059,4,文廟通考,,公西赤,hvd-32044068331768,107,108,
515,P0059,10,文廟祀典考,卷十一,公西赤,nnc1-cu04805356,697,698,
366,P0060,6,文廟彙考,卷三,顏高,hvd-32044068331958,120,121,
243,P0060,5,文廟史典,卷之七,先賢顏高,hvd-32044068331941,277,277,
60,P0060,4,文廟通考,,顏高,hvd-32044068331768,108,109,
527,P0060,10,文廟祀典考,卷十二,顏刻,nnc1-cu04805356,708,709,
391,P0061,6,文廟彙考,卷四,任不齊,hvd-32044068331958,140,140,
206,P0061,5,文廟史典,卷之五,先賢任不齊,hvd-32044068331941,196,196,
61,P0061,4,文廟通考,,任不齊,hvd-32044068331768,108,109,
532,P0061,10,文廟祀典考,卷十二,任不齊,nnc1-cu04805356,711,711,
384,P0062,6,文廟彙考,卷四,壤駟赤,hvd-32044068331958,139,139,
244,P0062,5,文廟史典,卷之七,先賢壤駟赤,hvd-32044068331941,278,278,
62,P0062,4,文廟通考,,壤駟赤,hvd-32044068331768,108,109,
529,P0062,10,文廟祀典考,卷十二,壤駟赤,nnc1-cu04805356,710,710,
374,P0063,6,文廟彙考,卷四,公良孺,hvd-32044068331958,136,137,
207,P0063,5,文廟史典,卷之五,先賢公良孺,hvd-32044068331941,197,197,
63,P0063,4,文廟通考,,公良孺,hvd-32044068331768,108,109,
533,P0063,10,文廟祀典考,卷十二,公良孺,nnc1-cu04805356,711,712,
402,P0064,6,文廟彙考,卷四,石作蜀,hvd-32044068331958,142,142,
245,P0064,5,文廟史典,卷之七,先賢石作蜀,hvd-32044068331941,279,279,
64,P0064,4,文廟通考,,石作蜀,hvd-32044068331768,109,110,
531,P0064,10,文廟祀典考,卷十二,石作蜀,nnc1-cu04805356,711,711,
395,P0065,6,文廟彙考,卷四,公肩定,hvd-32044068331958,141,141,
208,P0065,5,文廟史典,卷之五,先賢公肩定,hvd-32044068331941,198,198,
65,P0065,4,文廟通考,,公肩定,hvd-32044068331768,109,110,
538,P0065,10,文廟祀典考,卷十二,公肩定,nnc1-cu04805356,713,714,
399,P0066,6,文廟彙考,卷四,公夏首,hvd-32044068331958,141,141,
246,P0066,5,文廟史典,卷之七,先賢公夏首,hvd-32044068331941,280,280,
66,P0066,4,文廟通考,,公夏首,hvd-32044068331768,109,110,
536,P0066,10,文廟祀典考,卷十二,公夏首,nnc1-cu04805356,712,712,
412,P0067,6,文廟彙考,卷四,鄡單,hvd-32044068331958,146,146,
209,P0067,5,文廟史典,卷之五,先賢鄡單,hvd-32044068331941,199,199,
67,P0067,4,文廟通考,,鄡單,hvd-32044068331768,110,111,
540,P0067,10,文廟祀典考,卷十二,鄡單,nnc1-cu04805356,714,715,
387,P0068,6,文廟彙考,卷四,后處,hvd-32044068331958,140,140,
247,P0068,5,文廟史典,卷之七,先賢后處,hvd-32044068331941,281,281,
68,P0068,4,文廟通考,,后處,hvd-32044068331768,110,111,
534,P0068,10,文廟祀典考,卷十二,后處,nnc1-cu04805356,712,712,
382,P0069,6,文廟彙考,卷四,宰父黑,hvd-32044068331958,139,139,
210,P0069,5,文廟史典,卷之五,先賢罕父黑,hvd-32044068331941,200,200,
69,P0069,4,文廟通考,,罕父黑,hvd-32044068331768,110,111,
542,P0069,10,文廟祀典考,卷十二,罕父黑,nnc1-cu04805356,715,716,
378,P0070,6,文廟彙考,卷四,奚容蒧,hvd-32044068331958,138,139,
248,P0070,5,文廟史典,卷之七,先賢奚容蒧,hvd-32044068331941,282,282,
70,P0070,4,文廟通考,,奚容蒧,hvd-32044068331768,110,111,
537,P0070,10,文廟祀典考,卷十二,奚容蒧,nnc1-cu04805356,713,713,
392,P0071,6,文廟彙考,卷四,榮旂,hvd-32044068331958,140,140,
211,P0071,5,文廟史典,卷之五,先賢榮旂,hvd-32044068331941,201,201,
71,P0071,4,文廟通考,,榮旂,hvd-32044068331768,110,111,
546,P0071,10,文廟祀典考,卷十二,榮旂,nnc1-cu04805356,721,721,
411,P0072,6,文廟彙考,卷四,顏相,hvd-32044068331958,145,145,
249,P0072,5,文廟史典,卷之七,先賢顏祖,hvd-32044068331941,283,283,
72,P0072,4,文廟通考,,顏祖,hvd-32044068331768,111,112,
539,P0072,10,文廟祀典考,卷十二,顏祖,nnc1-cu04805356,714,714,
388,P0073,6,文廟彙考,卷四,左人郢,hvd-32044068331958,140,140,
212,P0073,5,文廟史典,卷之五,先賢左人郢,hvd-32044068331941,202,202,
73,P0073,4,文廟通考,,左人郢,hvd-32044068331768,111,112,
547,P0073,10,文廟祀典考,卷十二,左人郢,nnc1-cu04805356,722,722,
400,P0074,6,文廟彙考,卷四,句井疆,hvd-32044068331958,141,141,
250,P0074,5,文廟史典,卷之七,先賢句井疆,hvd-32044068331941,284,284,
74,P0074,4,文廟通考,,句井疆,hvd-32044068331768,111,112,
541,P0074,10,文廟祀典考,卷十二,句井疆,nnc1-cu04805356,715,715,
386,P0075,6,文廟彙考,卷四,鄭國,hvd-32044068331958,139,140,
213,P0075,5,文廟史典,卷之五,先賢鄭國,hvd-32044068331941,203,203,
75,P0075,4,文廟通考,,鄭國,hvd-32044068331768,111,112,
550,P0075,10,文廟祀典考,卷十二,鄭國,nnc1-cu04805356,722,723,
377,P0076,6,文廟彙考,卷四,秦祖,hvd-32044068331958,138,138,
251,P0076,5,文廟史典,卷之七,先賢秦祖,hvd-32044068331941,285,285,
76,P0076,4,文廟通考,,秦祖,hvd-32044068331768,111,112,
525,P0076,10,文廟祀典考,卷十二,秦祖,nnc1-cu04805356,707,707,
394,P0077,6,文廟彙考,卷四,原亢,hvd-32044068331958,141,141,
214,P0077,5,文廟史典,卷之五,先賢原亢,hvd-32044068331941,204,204,
77,P0077,4,文廟通考,,原亢,hvd-32044068331768,111,112,
555,P0077,10,文廟祀典考,卷十二,原亢,nnc1-cu04805356,725,725,
410,P0078,6,文廟彙考,卷四,縣成,hvd-32044068331958,145,145,
252,P0078,5,文廟史典,卷之七,先賢縣成,hvd-32044068331941,286,286,
78,P0078,4,文廟通考,,縣成,hvd-32044068331768,112,113,
548,P0078,10,文廟祀典考,卷十二,縣成,nnc1-cu04805356,722,722,
380,P0079,6,文廟彙考,卷四,廉潔,hvd-32044068331958,139,139,
215,P0079,5,文廟史典,卷之五,先賢廉潔,hvd-32044068331941,205,205,
79,P0079,4,文廟通考,,廉潔,hvd-32044068331768,112,113,
557,P0079,10,文廟祀典考,卷十二,廉潔,nnc1-cu04805356,725,725,
379,P0080,6,文廟彙考,卷四,公祖句茲,hvd-32044068331958,139,139,
253,P0080,5,文廟史典,卷之七,先賢公祖句茲,hvd-32044068331941,287,287,
80,P0080,4,文廟通考,,公祖句茲,hvd-32044068331768,112,113,
524,P0080,10,文廟祀典考,卷十二,公祖句茲,nnc1-cu04805356,707,707,
367,P0081,6,文廟彙考,卷三,叔仲會,hvd-32044068331958,121,122,
216,P0081,5,文廟史典,卷之五,先賢叔仲會,hvd-32044068331941,206,206,
81,P0081,4,文廟通考,,叔仲會,hvd-32044068331768,112,113,
558,P0081,10,文廟祀典考,卷十二,叔仲會,nnc1-cu04805356,726,726,
398,P0082,6,文廟彙考,卷四,燕伋,hvd-32044068331958,141,141,
254,P0082,5,文廟史典,卷之七,先賢燕伋,hvd-32044068331941,288,288,
82,P0082,4,文廟通考,,燕伋,hvd-32044068331768,113,114,
549,P0082,10,文廟祀典考,卷十二,燕伋,nnc1-cu04805356,722,722,
381,P0083,6,文廟彙考,卷四,公西輿如,hvd-32044068331958,139,139,
217,P0083,5,文廟史典,卷之五,先賢公西輿如,hvd-32044068331941,207,207,
83,P0083,4,文廟通考,,公西輿如,hvd-32044068331768,113,114,
563,P0083,10,文廟祀典考,卷十二,公西輿如,nnc1-cu04805356,729,729,
406,P0084,6,文廟彙考,卷四,樂欬,hvd-32044068331958,143,143,
255,P0084,5,文廟史典,卷之七,先賢樂欬,hvd-32044068331941,289,289,
84,P0084,4,文廟通考,,樂欬,hvd-32044068331768,113,114,
556,P0084,10,文廟祀典考,卷十二,樂欬,nnc1-cu04805356,725,725,
403,P0085,6,文廟彙考,卷四,邽巽,hvd-32044068331958,142,142,
218,P0085,5,文廟史典,卷之五,先賢邽巽,hvd-32044068331941,208,208,
85,P0085,4,文廟通考,,邽巽,hvd-32044068331768,113,114,
561,P0085,10,文廟祀典考,卷十二,邽巽,nnc1-cu04805356,728,728,
389,P0086,6,文廟彙考,卷四,狄黑,hvd-32044068331958,140,140,
256,P0086,5,文廟史典,卷之七,先賢狄黑,hvd-32044068331941,290,290,
86,P0086,4,文廟通考,,狄黑,hvd-32044068331768,114,115,
560,P0086,10,文廟祀典考,卷十二,狄黑,nnc1-cu04805356,728,728,
356,P0087,6,文廟彙考,卷三,陳亢,hvd-32044068331958,111,112,
219,P0087,5,文廟史典,卷之五,先賢陳亢,hvd-32044068331941,209,209,
87,P0087,4,文廟通考,,陳亢,hvd-32044068331768,114,115,
566,P0087,10,文廟祀典考,卷十二,陳亢,nnc1-cu04805356,731,731,
408,P0088,6,文廟彙考,卷四,孔忠,hvd-32044068331958,144,144,
257,P0088,5,文廟史典,卷之七,先賢孔忠,hvd-32044068331941,291,293,
88,P0088,4,文廟通考,,孔忠,hvd-32044068331768,114,115,
562,P0088,10,文廟祀典考,卷十二,孔忠,nnc1-cu04805356,728,728,
376,P0089,6,文廟彙考,卷四,琴牢,hvd-32044068331958,137,138,
220,P0089,5,文廟史典,卷之五,先賢琴張,hvd-32044068331941,210,210,
89,P0089,4,文廟通考,,琴張,hvd-32044068331768,114,115,
565,P0089,10,文廟祀典考,卷十二,琴牢,nnc1-cu04805356,730,730,
383,P0090,6,文廟彙考,卷四,公西蒧,hvd-32044068331958,139,139,
258,P0090,5,文廟史典,卷之七,先賢公西蒧,hvd-32044068331941,294,294,
90,P0090,4,文廟通考,,公西蒧,hvd-32044068331768,114,115,
564,P0090,10,文廟祀典考,卷十二,公西蒧,nnc1-cu04805356,729,729,
401,P0091,6,文廟彙考,卷四,步叔乘,hvd-32044068331958,142,142,
221,P0091,5,文廟史典,卷之五,先賢步叔乘,hvd-32044068331941,211,211,
91,P0091,4,文廟通考,,步叔乘,hvd-32044068331768,115,116,
554,P0091,10,文廟祀典考,卷十二,步叔乘,nnc1-cu04805356,724,724,
407,P0092,6,文廟彙考,卷四,顏之僕,hvd-32044068331958,143,143,
259,P0092,5,文廟史典,卷之七,先賢顏之僕,hvd-32044068331941,295,295,
92,P0092,4,文廟通考,,顏之僕,hvd-32044068331768,115,116,
545,P0092,10,文廟祀典考,卷十二,顏之僕,nnc1-cu04805356,721,721,
396,P0093,6,文廟彙考,卷四,秦非,hvd-32044068331958,141,141,
222,P0093,5,文廟史典,卷之五,先賢秦非,hvd-32044068331941,212,212,
93,P0093,4,文廟通考,,秦非,hvd-32044068331768,115,116,
551,P0093,10,文廟祀典考,卷十二,秦非,nnc1-cu04805356,723,723,
404,P0094,6,文廟彙考,卷四,施之常,hvd-32044068331958,142,142,
260,P0094,5,文廟史典,卷之七,先賢施之常,hvd-32044068331941,296,296,
94,P0094,4,文廟通考,,施之常,hvd-32044068331768,115,116,
552,P0094,10,文廟祀典考,卷十二,施之常,nnc1-cu04805356,723,723,
393,P0095,6,文廟彙考,卷四,顏噲,hvd-32044068331958,141,141,
223,P0095,5,文廟史典,卷之五,先賢顏噲,hvd-32044068331941,213,213,
95,P0095,4,文廟通考,,顏噲,hvd-32044068331768,115,116,
553,P0095,10,文廟祀典考,卷十二,顏噲,nnc1-cu04805356,724,724,
405,P0096,6,文廟彙考,卷四,申棖,hvd-32044068331958,143,143,
261,P0096,5,文廟史典,卷之七,先賢申棖,hvd-32044068331941,297,298,
96,P0096,4,文廟通考,,申棖,hvd-32044068331768,115,116,
544,P0096,10,文廟祀典考,卷十二,申棖,nnc1-cu04805356,718,721,
414,P0097,6,文廟彙考,卷四,顏何,hvd-32044068331958,146,147,
224,P0097,5,文廟史典,卷之五,先賢顏何,hvd-32044068331941,214,214,
97,P0097,4,文廟通考,,顏何,hvd-32044068331768,116,117,
559,P0097,10,文廟祀典考,卷十二,顏何,nnc1-cu04805356,726,727,
415,P0098,6,文廟彙考,卷四,魯太史左丘明,hvd-32044068331958,147,149,
262,P0098,5,文廟史典,卷之七,先賢左丘明,hvd-32044068331941,299,300,
98,P0098,4,文廟通考,,左邱明,hvd-32044068331768,116,117,
570,P0098,10,文廟祀典考,卷十三,左丘明,nnc1-cu04805356,741,747,
418,P0099,6,文廟彙考,卷四,縣亶,hvd-32044068331958,150,150,
225,P0099,5,文廟史典,卷之五,先賢縣亶,hvd-32044068331941,215,215,
99,P0099,4,文廟通考,,縣亶,hvd-32044068331768,117,118,
567,P0099,10,文廟祀典考,卷十二,縣亶,nnc1-cu04805356,732,732,
413,P0100,6,文廟彙考,卷四,秦冉,hvd-32044068331958,146,146,
263,P0100,5,文廟史典,卷之七,先賢秦冉,hvd-32044068331941,301,302,
100,P0100,4,文廟通考,,秦冉,hvd-32044068331768,117,118,
535,P0100,10,文廟祀典考,卷十二,秦冉,nnc1-cu04805356,712,712,
101,P0101,4,文廟通考,,公明儀,hvd-32044068331768,117,118,
573,P0101,10,文廟祀典考,卷十四,公明儀,nnc1-cu04805356,759,760,
419,P0102,6,文廟彙考,卷四,牧皮,hvd-32044068331958,150,151,
264,P0102,5,文廟史典,卷之七,先賢牧皮,hvd-32044068331941,303,303,
102,P0102,4,文廟通考,,牧皮,hvd-32044068331768,118,119,
569,P0102,10,文廟祀典考,卷十二,牧皮,nnc1-cu04805356,734,734,
422,P0103,6,文廟彙考,卷四,樂正克,hvd-32044068331958,160,160,
226,P0103,5,文廟史典,卷之五,先賢樂正克,hvd-32044068331941,216,216,
103,P0103,4,文廟通考,,樂正克,hvd-32044068331768,118,119,
574,P0103,10,文廟祀典考,卷十四,樂正克,nnc1-cu04805356,760,761,
425,P0104,6,文廟彙考,卷四,公都子,hvd-32044068331958,160,160,
265,P0104,5,文廟史典,卷之七,先賢公都子,hvd-32044068331941,304,304,
104,P0104,4,文廟通考,,公都子,hvd-32044068331768,119,122,
576,P0104,10,文廟祀典考,卷十四,公都子,nnc1-cu04805356,761,761,
424,P0105,6,文廟彙考,卷四,萬章,hvd-32044068331958,160,160,
227,P0105,5,文廟史典,卷之五,先賢萬章,hvd-32044068331941,217,217,
105,P0105,4,文廟通考,,萬章,hvd-32044068331768,119,122,
575,P0105,10,文廟祀典考,卷十四,萬章,nnc1-cu04805356,761,762,
423,P0106,6,文廟彙考,卷四,公孫丑,hvd-32044068331958,160,160,
266,P0106,5,文廟史典,卷之七,先賢公孫丑,hvd-32044068331941,305,305,
106,P0106,4,文廟通考,,公孫丑,hvd-32044068331768,119,122,
577,P0106,10,文廟祀典考,卷十四,公孫丑,nnc1-cu04805356,762,763,
445,P0107,6,文廟彙考,卷八,宋史周敦頤傳,hvd-32044068331958,323,325,
228,P0107,5,文廟史典,卷之六,先賢周敦頤,hvd-32044068331941,223,228,
107,P0107,4,文廟通考,,周敦頤,hvd-32044068331768,119,122,
598,P0107,10,文廟祀典考,卷二十七,周敦頤,nnc1-cu04805364,217,220,
448,P0108,6,文廟彙考,卷八,宋史程顥傳,hvd-32044068331958,335,338,
229,P0108,5,文廟史典,卷之六,先賢程顥,hvd-32044068331941,229,240,
108,P0108,4,文廟通考,,程顥,hvd-32044068331768,122,127,
600,P0108,10,文廟祀典考,卷二十七,顥,nnc1-cu04805364,223,235,
446,P0109,6,文廟彙考,卷八,宋史邵雍傳,hvd-32044068331958,327,330,
230,P0109,5,文廟史典,卷之六,先賢邵雍,hvd-32044068331941,241,247,
109,P0109,4,文廟通考,,邵雍,hvd-32044068331768,127,130,
603,P0109,10,文廟祀典考,卷二十八,邵雍,nnc1-cu04805364,253,257,
447,P0110,6,文廟彙考,卷八,宋史張載傳,hvd-32044068331958,331,333,
267,P0110,5,文廟史典,卷之八,先賢張載,hvd-32044068331941,311,317,
110,P0110,4,文廟通考,,張載,hvd-32044068331768,130,133,
602,P0110,10,文廟祀典考,卷二十八,張載,nnc1-cu04805364,247,252,
449,P0111,6,文廟彙考,卷八,宋史程頤傳,hvd-32044068331958,339,342,
268,P0111,5,文廟史典,卷之八,先賢程頤,hvd-32044068331941,319,331,
111,P0111,4,文廟通考,,程頤,hvd-32044068331768,133,137,
601,P0111,10,文廟祀典考,卷二十七,頤,nnc1-cu04805364,236,243,
426,P0112,6,文廟彙考,卷七,公羊子考,hvd-32044068331958,253,254,
269,P0112,5,文廟史典,卷之九,先儒公羊高,hvd-32044068331941,333,334,
112,P0112,4,文廟通考,,公羊高,hvd-32044068331768,137,138,
571,P0112,10,文廟祀典考,卷十三,公羊高,nnc1-cu04805356,747,749,
427,P0113,6,文廟彙考,卷七,穀梁子考,hvd-32044068331958,255,256,
295,P0113,5,文廟史典,卷之十五,先儒穀梁赤,hvd-32044068331941,701,702,
113,P0113,4,文廟通考,,穀梁赤,hvd-32044068331768,137,138,
572,P0113,10,文廟祀典考,卷十三,穀梁赤,nnc1-cu04805356,747,749,
428,P0114,6,文廟彙考,卷七,史記伏生傳,hvd-32044068331958,257,258,
270,P0114,5,文廟史典,卷之九,先儒伏勝,hvd-32044068331941,335,339,
114,P0114,4,文廟通考,,伏勝,hvd-32044068331768,138,139,
580,P0114,10,文廟祀典考,卷十九,伏勝,nnc1-cu04805364,39,40,
429,P0115,6,文廟彙考,卷七,史記高堂生傳,hvd-32044068331958,259,260,
296,P0115,5,文廟史典,卷之十五,先儒高堂生,hvd-32044068331941,703,704,
115,P0115,4,文廟通考,,高堂生,hvd-32044068331768,138,139,
584,P0115,10,文廟祀典考,卷十九,高堂生,nnc1-cu04805364,54,55,
116,P0116,4,文廟通考,,毛亨,hvd-32044068331768,139,140,
582,P0116,10,文廟祀典考,卷十九,毛亨,nnc1-cu04805364,47,49,
431,P0117,6,文廟彙考,卷七,前漢書孔安國傳,hvd-32044068331958,265,266,
297,P0117,5,文廟史典,卷之十五,先儒孔安國,hvd-32044068331941,705,706,
117,P0117,4,文廟通考,,孔安國,hvd-32044068331768,140,141,
581,P0117,10,文廟祀典考,卷十九,孔安國,nnc1-cu04805364,40,41,
430,P0118,6,文廟彙考,卷七,前漢書董仲舒傳,hvd-32044068331958,261,263,
271,P0118,5,文廟史典,卷之九,先儒董仲舒,hvd-32044068331941,341,382,
118,P0118,4,文廟通考,,董仲舒,hvd-32044068331768,141,154,
587,P0118,10,文廟祀典考,卷二十,董仲舒,nnc1-cu04805364,61,86,
433,P0119,6,文廟彙考,卷七,前漢書毛萇傳,hvd-32044068331958,269,270,
298,P0119,5,文廟史典,卷之十五,先儒毛萇,hvd-32044068331941,707,708,
119,P0119,4,文廟通考,,毛萇,hvd-32044068331768,154,155,
583,P0119,10,文廟祀典考,卷十九,毛萇,nnc1-cu04805364,47,49,
432,P0120,6,文廟彙考,卷七,前漢書后蒼傳,hvd-32044068331958,267,268,
272,P0120,5,文廟史典,卷之九,先儒后蒼,hvd-32044068331941,383,384,
120,P0120,4,文廟通考,,后蒼,hvd-32044068331768,155,156,
585,P0120,10,文廟祀典考,卷十九,后蒼,nnc1-cu04805364,55,55,
434,P0121,6,文廟彙考,卷七,杜子春,hvd-32044068331958,271,272,
273,P0121,5,文廟史典,卷之九,先儒杜子春,hvd-32044068331941,385,386,
121,P0121,4,文廟通考,,杜子春,hvd-32044068331768,155,156,
586,P0121,10,文廟祀典考,卷十九,杜子春,nnc1-cu04805364,55,56,
435,P0122,6,文廟彙考,卷七,後漢書鄭康成傳,hvd-32044068331958,273,276,
299,P0122,5,文廟史典,卷之十五,先儒鄭元,hvd-32044068331941,709,720,
122,P0122,4,文廟通考,,鄭康成,hvd-32044068331768,156,160,
588,P0122,10,文廟祀典考,卷二十,鄭元,nnc1-cu04805364,86,91,
437,P0123,6,文廟彙考,卷七,晉書范甯傳,hvd-32044068331958,283,286,
300,P0123,5,文廟史典,卷之十五,先儒范甯,hvd-32044068331941,721,733,
123,P0123,4,文廟通考,,范甯,hvd-32044068331768,160,163,
590,P0123,10,文廟祀典考,卷二十二,范甯,nnc1-cu04805364,117,121,
436,P0124,6,文廟彙考,卷七,三國志諸葛亮傳,hvd-32044068331958,277,282,
274,P0124,5,文廟史典,卷之十,先儒諸葛亮,hvd-32044068331941,391,419,
124,P0124,4,文廟通考,,諸葛亮,hvd-32044068331768,163,171,
589,P0124,10,文廟祀典考,卷二十一,諸葛亮,nnc1-cu04805364,93,110,
438,P0125,6,文廟彙考,卷七,文中子王通世家,hvd-32044068331958,287,290,
275,P0125,5,文廟史典,卷之十,先儒王通,hvd-32044068331941,421,423,
125,P0125,4,文廟通考,,王通,hvd-32044068331768,171,174,
591,P0125,10,文廟祀典考,卷二十二,王通,nnc1-cu04805364,121,125,
439,P0126,6,文廟彙考,卷七,唐書陸贄傳,hvd-32044068331958,291,294,
276,P0126,5,文廟史典,卷之十一,先儒陸贄,hvd-32044068331941,425,480,
126,P0126,4,文廟通考,,陸贄,hvd-32044068331768,174,178,
592,P0126,10,文廟祀典考,卷二十三,陸贄,nnc1-cu04805364,127,157,
440,P0127,6,文廟彙考,卷七,唐書韓愈傳,hvd-32044068331958,295,299,
301,P0127,5,文廟史典,卷之十六,先儒韓愈,hvd-32044068331941,739,765,
127,P0127,4,文廟通考,,韓愈,hvd-32044068331768,178,185,
593,P0127,10,文廟祀典考,卷二十四,韓愈,nnc1-cu04805364,159,168,
128,P0128,4,文廟通考,,韓琦,hvd-32044068331768,185,201,
594,P0128,10,文廟祀典考,卷二十五,韓琦,nnc1-cu04805364,169,185,
441,P0129,6,文廟彙考,卷八,宋史范仲淹傳,hvd-32044068331958,301,307,
277,P0129,5,文廟史典,卷之十二,先儒范仲淹,hvd-32044068331941,487,510,
129,P0129,4,文廟通考,,范仲淹,hvd-32044068331768,201,208,
595,P0129,10,文廟祀典考,卷二十五,范仲淹,nnc1-cu04805364,185,200,
443,P0130,6,文廟彙考,卷八,宋史歐陽修傳,hvd-32044068331958,311,316,
278,P0130,5,文廟史典,卷之十二,先儒歐陽修,hvd-32044068331941,511,528,
130,P0130,4,文廟通考,,歐陽修,hvd-32044068331768,208,215,
596,P0130,10,文廟祀典考,卷二十五,歐陽修,nnc1-cu04805364,200,212,
442,P0131,6,文廟彙考,卷八,宋史胡瑗傳,hvd-32044068331958,309,310,
302,P0131,5,文廟史典,卷之十六,先儒胡瑗,hvd-32044068331941,767,770,
131,P0131,4,文廟通考,,胡瑗,hvd-32044068331768,215,217,
597,P0131,10,文廟祀典考,卷二十六,胡瑗,nnc1-cu04805364,213,216,
444,P0132,6,文廟彙考,卷八,宋史司馬光傳,hvd-32044068331958,317,322,
303,P0132,5,文廟史典,卷之十六,先儒司馬光,hvd-32044068331941,771,804,
132,P0132,4,文廟通考,,司馬光,hvd-32044068331768,217,227,
604,P0132,10,文廟祀典考,卷二十九,司馬光,nnc1-cu04805364,265,287,
450,P0133,6,文廟彙考,卷八,宋史楊時傳,hvd-32044068331958,343,346,
279,P0133,5,文廟史典,卷之十三,先儒楊時,hvd-32044068331941,529,542,
133,P0133,4,文廟通考,,楊時,hvd-32044068331768,227,233,
605,P0133,10,文廟祀典考,卷三十,楊時,nnc1-cu04805364,289,297,
451,P0134,6,文廟彙考,卷八,宋史尹焞傳,hvd-32044068331958,347,349,
304,P0134,5,文廟史典,卷之十七,先儒尹焞,hvd-32044068331941,805,815,
134,P0134,4,文廟通考,,尹焞,hvd-32044068331768,233,237,
607,P0134,10,文廟祀典考,卷三十,尹焞,nnc1-cu04805364,300,305,
135,P0135,4,文廟通考,,謝良佐,hvd-32044068331768,237,240,
606,P0135,10,文廟祀典考,卷三十,謝良佐,nnc1-cu04805364,297,299,
453,P0136,6,文廟彙考,卷八,宋史胡安國傳,hvd-32044068331958,353,357,
305,P0136,5,文廟史典,卷之十七,先儒胡安國,hvd-32044068331941,817,836,
136,P0136,4,文廟通考,,胡安國,hvd-32044068331768,240,245,
610,P0136,10,文廟祀典考,卷三十一,胡安國,nnc1-cu04805364,313,326,
137,P0137,4,文廟通考,,李綱,hvd-32044068331768,245,257,
611,P0137,10,文廟祀典考,卷三十二,李綱,nnc1-cu04805364,329,365,
452,P0138,6,文廟彙考,卷八,宋史羅從彥傳,hvd-32044068331958,351,352,
280,P0138,5,文廟史典,卷之十三,先儒羅從彥,hvd-32044068331941,543,550,
138,P0138,4,文廟通考,,羅從彥,hvd-32044068331768,257,260,
608,P0138,10,文廟祀典考,卷三十,羅從彥,nnc1-cu04805364,305,308,
454,P0139,6,文廟彙考,卷九,宋史李侗傳,hvd-32044068331958,367,368,
281,P0139,5,文廟史典,卷之十三,先儒李侗,hvd-32044068331941,551,559,
139,P0139,4,文廟通考,,李侗,hvd-32044068331768,260,267,
609,P0139,10,文廟祀典考,卷三十,李侗,nnc1-cu04805364,308,312,
458,P0140,6,文廟彙考,卷九,宋史陸九淵傳,hvd-32044068331958,383,386,
307,P0140,5,文廟史典,卷之十七,先儒陸九淵,hvd-32044068331941,851,860,
140,P0140,4,文廟通考,,陸九淵,hvd-32044068331768,267,271,
616,P0140,10,文廟祀典考,卷三十四,陸九淵,nnc1-cu04805364,417,422,
456,P0141,6,文廟彙考,卷九,宋史張栻傳,hvd-32044068331958,377,380,
306,P0141,5,文廟史典,卷之十七,先儒張栻,hvd-32044068331941,837,849,
141,P0141,4,文廟通考,,張栻,hvd-32044068331768,271,277,
614,P0141,10,文廟祀典考,卷三十四,張栻,nnc1-cu04805364,405,413,
457,P0142,6,文廟彙考,卷九,宋史呂祖謙傳,hvd-32044068331958,381,382,
282,P0142,5,文廟史典,卷之十三,先儒呂祖謙,hvd-32044068331941,561,568,
142,P0142,4,文廟通考,,呂祖謙,hvd-32044068331768,277,281,
615,P0142,10,文廟祀典考,卷三十四,呂祖謙,nnc1-cu04805364,413,417,
143,P0143,4,文廟通考,,袁燮,hvd-32044068331768,281,282,
617,P0143,10,文廟祀典考,卷三十四,袁燮,nnc1-cu04805364,423,425,
460,P0144,6,文廟彙考,卷九,宋史黃榦傳,hvd-32044068331958,389,392,
308,P0144,5,文廟史典,卷之十八,先儒黃榦,hvd-32044068331941,865,878,
144,P0144,4,文廟通考,,黃幹,hvd-32044068331768,282,285,
620,P0144,10,文廟祀典考,卷三十五,黃榦,nnc1-cu04805364,431,440,
461,P0145,6,文廟彙考,卷九,宋史陳淳傳,hvd-32044068331958,393,395,
284,P0145,5,文廟史典,卷之十三,先儒陳淳,hvd-32044068331941,573,579,
145,P0145,4,文廟通考,,陳淳,hvd-32044068331768,285,287,
621,P0145,10,文廟祀典考,卷三十五,陳淳,nnc1-cu04805364,440,445,
459,P0146,6,文廟彙考,卷九,宋史蔡沈傳,hvd-32044068331958,387,388,
283,P0146,5,文廟史典,卷之十三,先儒蔡沈,hvd-32044068331941,569,571,
146,P0146,4,文廟通考,,蔡沈,hvd-32044068331768,287,288,
619,P0146,10,文廟祀典考,卷三十五,沈,nnc1-cu04805364,430,431,
462,P0147,6,文廟彙考,卷九,宋史真德秀傳,hvd-32044068331958,397,400,
309,P0147,5,文廟史典,卷之十八,先儒真德秀,hvd-32044068331941,879,898,
147,P0147,4,文廟通考,,眞德秀,hvd-32044068331768,288,293,
622,P0147,10,文廟祀典考,卷三十六,真德秀,nnc1-cu04805364,447,459,
463,P0148,6,文廟彙考,卷九,宋史魏了翁傳,hvd-32044068331958,401,404,
285,P0148,5,文廟史典,卷之十三,先儒魏了翁,hvd-32044068331941,581,596,
148,P0148,4,文廟通考,,魏了翁,hvd-32044068331768,293,298,
623,P0148,10,文廟祀典考,卷三十六,魏了翁,nnc1-cu04805364,460,470,
464,P0149,6,文廟彙考,卷九,宋史何基傳,hvd-32044068331958,405,406,
310,P0149,5,文廟史典,卷之十八,先儒何基,hvd-32044068331941,899,902,
149,P0149,4,文廟通考,,何基,hvd-32044068331768,298,300,
624,P0149,10,文廟祀典考,卷三十七,何基,nnc1-cu04805364,471,472,
465,P0150,6,文廟彙考,卷九,宋史王柏傳,hvd-32044068331958,407,408,
286,P0150,5,文廟史典,卷之十三,先儒王柏,hvd-32044068331941,597,602,
150,P0150,4,文廟通考,,王柏,hvd-32044068331768,300,301,
625,P0150,10,文廟祀典考,卷三十七,王柏,nnc1-cu04805364,473,475,
468,P0151,6,文廟彙考,卷九,元史金履祥傳,hvd-32044068331958,413,414,
312,P0151,5,文廟史典,卷之十九,先儒金履祥,hvd-32044068331941,905,910,
151,P0151,4,文廟通考,,金履祥,hvd-32044068331768,301,303,
631,P0151,10,文廟祀典考,卷四十,金履祥,nnc1-cu04805364,513,516,
152,P0152,4,文廟通考,,文天祥,hvd-32044068331768,303,312,
626,P0152,10,文廟祀典考,卷三十八,文天祥,nnc1-cu04805364,477,490,
153,P0153,4,文廟通考,,陸秀夫,hvd-32044068331768,312,314,
627,P0153,10,文廟祀典考,卷三十八,陸秀夫,nnc1-cu04805364,490,493,
467,P0154,6,文廟彙考,卷九,元史趙復傳,hvd-32044068331958,411,412,
287,P0154,5,文廟史典,卷之十四,先儒趙復,hvd-32044068331941,607,610,
154,P0154,4,文廟通考,,趙復,hvd-32044068331768,314,316,
628,P0154,10,文廟祀典考,卷三十九,趙復,nnc1-cu04805364,495,497,
466,P0155,6,文廟彙考,卷九,元史類編陳澔傳,hvd-32044068331958,409,410,
311,P0155,5,文廟史典,卷之十九,先儒陳澔,hvd-32044068331941,903,904,
155,P0155,4,文廟通考,,陳澔,hvd-32044068331768,316,317,
633,P0155,10,文廟祀典考,卷四十,陳澔,nnc1-cu04805364,520,520,
469,P0156,6,文廟彙考,卷九,元史許謙傳,hvd-32044068331958,415,416,
288,P0156,5,文廟史典,卷之十四,先儒許謙,hvd-32044068331941,611,620,
156,P0156,4,文廟通考,,許謙,hvd-32044068331768,317,319,
632,P0156,10,文廟祀典考,卷四十,許謙,nnc1-cu04805364,516,519,
470,P0157,6,文廟彙考,卷九,元史許衡傳,hvd-32044068331958,417,420,
313,P0157,5,文廟史典,卷之十九,先儒許衡,hvd-32044068331941,911,945,
157,P0157,4,文廟通考,,許衡,hvd-32044068331768,319,325,
629,P0157,10,文廟祀典考,卷三十九,許衡,nnc1-cu04805364,497,506,
471,P0158,6,文廟彙考,卷九,元史吳澄傳,hvd-32044068331958,421,424,
289,P0158,5,文廟史典,卷之十四,先儒吳澄,hvd-32044068331941,621,632,
158,P0158,4,文廟通考,,吳澄,hvd-32044068331768,325,331,
630,P0158,10,文廟祀典考,卷三十九,吳澄,nnc1-cu04805364,506,511,
159,P0159,4,文廟通考,,方孝孺,hvd-32044068331768,331,334,
634,P0159,10,文廟祀典考,卷四十一,方孝孺,nnc1-cu04805364,527,532,
160,P0160,4,文廟通考,,曹端,hvd-32044068331768,334,336,
635,P0160,10,文廟祀典考,卷四十二,曹端,nnc1-cu04805364,533,535,
472,P0161,6,文廟彙考,卷十,明史薛瑄傳,hvd-32044068331958,425,428,
314,P0161,5,文廟史典,卷之二十,先儒薛瑄,hvd-32044068331941,951,956,
161,P0161,4,文廟通考,,薛瑄,hvd-32044068331768,336,341,
636,P0161,10,文廟祀典考,卷四十二,薛瑄,nnc1-cu04805364,535,540,
473,P0162,6,文廟彙考,卷十,明史胡居仁傳,hvd-32044068331958,429,430,
290,P0162,5,文廟史典,卷之十四,先儒胡居仁,hvd-32044068331941,633,636,
162,P0162,4,文廟通考,,胡居仁,hvd-32044068331768,341,343,
639,P0162,10,文廟祀典考,卷四十四,胡居仁,nnc1-cu04805364,545,546,
474,P0163,6,文廟彙考,卷十,明史陳獻章傳,hvd-32044068331958,431,432,
315,P0163,5,文廟史典,卷之二十,先儒陳獻章,hvd-32044068331941,957,960,
163,P0163,4,文廟通考,,陳獻章,hvd-32044068331768,343,345,
637,P0163,10,文廟祀典考,卷四十三,陳獻章,nnc1-cu04805364,541,542,
476,P0164,6,文廟彙考,卷十,明史蔡清傳,hvd-32044068331958,439,440,
316,P0164,5,文廟史典,卷之二十,先儒蔡清,hvd-32044068331941,961,964,
164,P0164,4,文廟通考,,蔡清,hvd-32044068331768,345,346,
638,P0164,10,文廟祀典考,卷四十三,蔡清,nnc1-cu04805364,542,544,
475,P0165,6,文廟彙考,卷十,明史王守仁傳,hvd-32044068331958,433,438,
291,P0165,5,文廟史典,卷之十四,先儒王守仁,hvd-32044068331941,637,664,
165,P0165,4,文廟通考,,王守仁,hvd-32044068331768,346,351,
642,P0165,10,文廟祀典考,卷四十五,王守仁,nnc1-cu04805364,553,569,
477,P0166,6,文廟彙考,卷十,明史羅欽順傳,hvd-32044068331958,441,442,
292,P0166,5,文廟史典,卷之十四,先儒羅欽順,hvd-32044068331941,665,669,
166,P0166,4,文廟通考,,羅欽順,hvd-32044068331768,351,353,
640,P0166,10,文廟祀典考,卷四十四,羅欽順,nnc1-cu04805364,547,549,
167,P0167,4,文廟通考,,呂柟,hvd-32044068331768,353,356,
641,P0167,10,文廟祀典考,卷四十四,呂柟,nnc1-cu04805364,549,551,
478,P0168,6,文廟彙考,卷十,明史呂坤傳,hvd-32044068331958,443,444,
317,P0168,5,文廟史典,卷之二十,先儒呂坤,hvd-32044068331941,965,982,
168,P0168,4,文廟通考,,呂坤,hvd-32044068331768,356,360,
643,P0168,10,文廟祀典考,卷四十六,呂坤,nnc1-cu04805364,571,575,
480,P0169,6,文廟彙考,卷十,明史劉宗周傳,hvd-32044068331958,451,456,
319,P0169,5,文廟史典,卷之二十,先儒劉宗周,hvd-32044068331941,987,1030,
169,P0169,4,文廟通考,,劉宗周,hvd-32044068331768,360,365,
644,P0169,10,文廟祀典考,卷四十六,劉宗周,nnc1-cu04805364,575,588,
479,P0170,6,文廟彙考,卷十,明史黃道周傳,hvd-32044068331958,445,449,
293,P0170,5,文廟史典,卷之十四,先儒黃道周,hvd-32044068331941,671,695,
170,P0170,4,文廟通考,,黃道周,hvd-32044068331768,365,369,
645,P0170,10,文廟祀典考,卷四十六,黃道周,nnc1-cu04805364,588,598,
318,P0171,5,文廟史典,卷之二十,先儒孫奇逢,hvd-32044068331941,983,985,
171,P0171,4,文廟通考,,孫奇逢,hvd-32044068331768,369,374,
646,P0171,10,文廟祀典考,卷四十七,孫奇逢,nnc1-cu04805364,599,601,
481,P0172,6,文廟彙考,卷十,國史湯斌列傳,hvd-32044068331958,457,464,
294,P0172,5,文廟史典,卷之十四,先儒湯斌,hvd-32044068331941,697,700,
172,P0172,4,文廟通考,,湯斌,hvd-32044068331768,374,386,
647,P0172,10,文廟祀典考,卷四十七,湯斌,nnc1-cu04805364,601,609,
482,P0173,6,文廟彙考,卷十,國史陸隴其列傳,hvd-32044068331958,465,471,
320,P0173,5,文廟史典,卷之二十,先儒陸隴其,hvd-32044068331941,1031,1033,
173,P0173,4,文廟通考,,陸隴其,hvd-32044068331768,386,396,
648,P0173,10,文廟祀典考,卷四十七,陸隴其,nnc1-cu04805364,609,619,
174,P0174,4,文廟通考,,張履祥,hvd-32044068331768,396,397,
649,P0174,10,文廟祀典考,卷四十七,張履祥,nnc1-cu04805364,619,619,
