id,pid,name,kind
1,P0001,木金父,personal
2,P0001,肇聖王,enshrinement_title
3,P0002,祈父,personal
4,P0002,裕聖王,enshrinement_title
5,P0003,防叔,personal
6,P0003,詒聖王,enshrinement_title
7,P0004,伯夏,personal
8,P0004,昌聖王,enshrinement_title
9,P0005,叔梁紇,personal
10,P0005,啓聖王,enshrinement_title
11,P0006,孔孟皮,personal
12,P0006,伯尼,courtesy
13,P0006,先賢孔氏,enshrinement_title
14,P0007,顏無繇,personal
15,P0007,路,courtesy
16,P0007,先賢顏氏,enshrinement_title
17,P0008,孔鯉,personal
18,P0008,伯魚,courtesy
19,P0008,先賢孔氏,enshrinement_title
20,P0009,曾點,personal
21,P0009,晳,courtesy
22,P0009,先賢曾氏,enshrinement_title
23,P0010,孟孫激,personal
24,P0010,公宜,courtesy
25,P0010,先賢孟孫氏,enshrinement_title
26,P0011,周輔成,personal
27,P0011,伯大,courtesy
28,P0011,先儒周氏,enshrinement_title
29,P0012,程珦,personal
30,P0012,伯溫,courtesy
31,P0012,先儒程氏,enshrinement_title
32,P0013,張迪,personal
33,P0013,先儒張氏,enshrinement_title
34,P0014,朱松,personal
35,P0014,喬年,courtesy
36,P0014,獻靖,posthumous
37,P0014,先儒朱氏,enshrinement_title
38,P0015,蔡元定,personal
39,P0015,季通,courtesy
40,P0015,文節,posthumous
41,P0015,先儒蔡氏,enshrinement_title
42,P0016,孔丘,personal
43,P0016,仲尼,courtesy
44,P0016,至聖先師孔子,enshrinement_title
45,P0017,顏回,personal
46,P0017,子淵,courtesy
47,P0017,復聖顏子,enshrinement_title
48,P0018,曾參,personal
49,P0018,子輿,courtesy
50,P0018,宗聖曾子,enshrinement_title
51,P0019,孔伋,personal
52,P0019,述聖子思子,enshrinement_title
53,P0020,孟軻,personal
54,P0020,子車,courtesy
55,P0020,亞聖孟子,enshrinement_title
56,P0021,閔損,personal
57,P0021,子騫,courtesy
58,P0021,先賢閔子,enshrinement_title
59,P0022,冉雍,personal
60,P0022,仲弓,courtesy
61,P0022,先賢冉子,enshrinement_title
62,P0023,端木賜,personal
63,P0023,子貢,courtesy
64,P0023,先賢端木子,enshrinement_title
65,P0024,仲由,personal
66,P0024,子路,courtesy
67,P0024,季路,courtesy
68,P0024,先賢仲子,enshrinement_title
69,P0025,卜商,personal
70,P0025,子夏,courtesy
71,P0025,先賢卜子,enshrinement_title
72,P0026,有若,personal
73,P0026,子若,courtesy
74,P0026,先賢有子,enshrinement_title
75,P0027,冉耕,personal
76,P0027,伯牛,courtesy
77,P0027,先賢冉子,enshrinement_title
78,P0028,宰予,personal
79,P0028,子我,courtesy
80,P0028,先賢宰子,enshrinement_title
81,P0029,冉求,personal
82,P0029,子有,courtesy
83,P0029,先賢冉子,enshrinement_title
84,P0030,言偃,personal
85,P0030,子游,courtesy
86,P0030,先賢言子,enshrinement_title
87,P0031,顓孫師,personal
88,P0031,子張,courtesy
89,P0031,先賢顓孫子,enshrinement_title
90,P0032,朱熹,personal
91,P0032,元晦,courtesy
92,P0032,仲晦,courtesy
93,P0032,文,posthumous
94,P0032,先賢朱子,enshrinement_title
95,P0033,蘧瑗,personal
96,P0033,伯玉,courtesy
97,P0033,先賢蘧子瑗,enshrinement_title
98,P0034,公孫僑,personal
99,P0034,先賢公孫子僑,enshrinement_title
100,P0035,澹臺滅明,personal
101,P0035,子羽,courtesy
102,P0035,先賢澹臺子滅明,enshrinement_title
103,P0036,林放,personal
104,P0036,子邱,courtesy
105,P0036,先賢林子放,enshrinement_title
106,P0037,原憲,personal
107,P0037,子思,courtesy
108,P0037,先賢原子憲,enshrinement_title
109,P0038,宓不齊,personal
110,P0038,子賤,courtesy
111,P0038,先賢宓子不齊,enshrinement_title
112,P0039,南宮适,personal
113,P0039,子容,courtesy
114,P0039,先賢南宮子适,enshrinement_title
115,P0040,公冶長,personal
116,P0040,子長,courtesy
117,P0040,子芝,courtesy
118,P0040,先賢公冶子長,enshrinement_title
119,P0041,商瞿,personal
120,P0041,子木,courtesy
121,P0041,先賢商子瞿,enshrinement_title
122,P0042,公晳哀,personal
123,P0042,季次,courtesy
124,P0042,先賢公晳子哀,enshrinement_title
125,P0043,漆雕開,personal
126,P0043,子開,courtesy
127,P0043,先賢漆雕子開,enshrinement_title
128,P0044,高柴,personal
129,P0044,子羔,courtesy
130,P0044,先賢高子柴,enshrinement_title
131,P0045,司馬耕,personal
132,P0045,子牛,courtesy
133,P0045,先賢司馬子耕,enshrinement_title
134,P0046,樊須,personal
135,P0046,子遲,courtesy
136,P0046,先賢樊子須,enshrinement_title
137,P0047,梁鱣,personal
138,P0047,叔魚,courtesy
139,P0047,先賢梁子鱣,enshrinement_title
140,P0048,商澤,personal
141,P0048,子季,courtesy
142,P0048,先賢商子澤,enshrinement_title
143,P0049,冉孺,personal
144,P0049,子魯,courtesy
145,P0049,先賢冉子孺,enshrinement_title
146,P0050,巫馬施,personal
147,P0050,子旗,courtesy
148,P0050,先賢巫馬子施,enshrinement_title
149,P0051,伯虔,personal
150,P0051,子析,courtesy
151,P0051,先賢伯子虔,enshrinement_title
152,P0052,顏辛,personal
153,P0052,子柳,courtesy
154,P0052,先賢顏子辛,enshrinement_title
155,P0053,冉季,personal
156,P0053,子產,courtesy
157,P0053,先賢冉子季,enshrinement_title
158,P0054,曹卹,personal
159,P0054,子循,courtesy
160,P0054,先賢曹子卹,enshrinement_title
161,P0055,漆雕徒父,personal
162,P0055,子有,courtesy
163,P0055,先賢漆雕子徒父,enshrinement_title
164,P0056,公孫龍,personal
165,P0056,子石,courtesy
166,P0056,先賢公孫子龍,enshrinement_title
167,P0057,漆雕哆,personal
168,P0057,子斂,courtesy
169,P0057,先賢漆雕子哆,enshrinement_title
170,P0058,秦商,personal
171,P0058,子丕,courtesy
172,P0058,先賢秦子商,enshrinement_title
173,P0059,公西赤,personal
174,P0059,子華,courtesy
175,P0059,先賢公西子赤,enshrinement_title
176,P0060,顏高,personal
177,P0060,子驕,courtesy
178,P0060,先賢顏子高,enshrinement_title
179,P0061,任不齊,personal
180,P0061,選,courtesy
181,P0061,先賢任子不齊,enshrinement_title
182,P0062,壤駟赤,personal
183,P0062,子徒,courtesy
184,P0062,先賢壤駟子赤,enshrinement_title
185,P0063,公良孺,personal
186,P0063,子正,courtesy
187,P0063,先賢公良子孺,enshrinement_title
188,P0064,石作蜀,personal
189,P0064,子明,courtesy
190,P0064,先賢石作子蜀,enshrinement_title
191,P0065,公肩定,personal
192,P0065,子中,courtesy
193,P0065,先賢公肩子定,enshrinement_title
194,P0066,公夏首,personal
195,P0066,乘,courtesy
196,P0066,先賢公夏子首,enshrinement_title
197,P0067,鄡單,personal
198,P0067,子家,courtesy
199,P0067,先賢鄡子單,enshrinement_title
200,P0068,后處,personal
201,P0068,子里,courtesy
202,P0068,先賢后子處,enshrinement_title
203,P0069,罕父黑,personal
204,P0069,子索,courtesy
205,P0069,先賢罕父子黑,enshrinement_title
206,P0070,奚容蒧,personal
207,P0070,子皙,courtesy
208,P0070,先賢奚容子蒧,enshrinement_title
209,P0071,榮旂,personal
210,P0071,子祺,courtesy
211,P0071,先賢榮子旂,enshrinement_title
212,P0072,顏祖,personal
213,P0072,襄,courtesy
214,P0072,先賢顏子祖,enshrinement_title
215,P0073,左人郢,personal
216,P0073,行,courtesy
217,P0073,先賢左人子郢,enshrinement_title
218,P0074,句井疆,personal
219,P0074,子孟,courtesy
220,P0074,先賢句井子疆,enshrinement_title
221,P0075,鄭國,personal
222,P0075,子徒,courtesy
223,P0075,先賢鄭子國,enshrinement_title
224,P0076,秦祖,personal
225,P0076,子南,courtesy
226,P0076,先賢秦子祖,enshrinement_title
227,P0077,原亢,personal
228,P0077,籍,courtesy
229,P0077,先賢原子亢,enshrinement_title
230,P0078,縣成,personal
231,P0078,子祺,courtesy
232,P0078,先賢縣子成,enshrinement_title
233,P0079,廉潔,personal
234,P0079,庸,courtesy
235,P0079,先賢廉子潔,enshrinement_title
236,P0080,公祖句茲,personal
237,P0080,子之,courtesy
238,P0080,先賢公祖子句茲,enshrinement_title
239,P0081,叔仲會,personal
240,P0081,子期,courtesy
241,P0081,先賢叔仲子會,enshrinement_title
242,P0082,燕伋,personal
243,P0082,思,courtesy
244,P0082,先賢燕子伋,enshrinement_title
245,P0083,公西輿如,personal
246,P0083,子上,courtesy
247,P0083,先賢公西子輿如,enshrinement_title
248,P0084,樂欬,personal
249,P0084,子聲,courtesy
250,P0084,先賢樂子欬,enshrinement_title
251,P0085,邽巽,personal
252,P0085,子斂,courtesy
253,P0085,先賢邽子巽,enshrinement_title
254,P0086,狄黑,personal
255,P0086,晳,courtesy
256,P0086,先賢狄子黑,enshrinement_title
257,P0087,陳亢,personal
258,P0087,子禽,courtesy
259,P0087,先賢陳子亢,enshrinement_title
260,P0088,孔忠,personal
261,P0088,子蔑,courtesy
262,P0088,先賢孔子忠,enshrinement_title
263,P0089,琴張,personal
264,P0089,子開,courtesy
265,P0089,先賢琴子張,enshrinement_title
266,P0090,公西蒧,personal
267,P0090,子上,courtesy
268,P0090,先賢公西子蒧,enshrinement_title
269,P0091,步叔乘,personal
270,P0091,子車,courtesy
271,P0091,先賢步叔子乘,enshrinement_title
272,P0092,顏之僕,personal
273,P0092,叔,courtesy
274,P0092,先賢顏子之僕,enshrinement_title
275,P0093,秦非,personal
276,P0093,子之,courtesy
277,P0093,先賢秦子非,enshrinement_title
278,P0094,施之常,personal
279,P0094,子恆,courtesy
280,P0094,先賢施子之常,enshrinement_title
281,P0095,顏噲,personal
282,P0095,子聲,courtesy
283,P0095,先賢顏子噲,enshrinement_title
284,P0096,申棖,personal
285,P0096,先賢申子棖,enshrinement_title
286,P0097,顏何,personal
287,P0097,冉,courtesy
288,P0097,先賢顏子何,enshrinement_title
289,P0098,左丘明,personal
290,P0098,先賢左邱子,enshrinement_title
291,P0099,縣亶,personal
292,P0099,子象,courtesy
293,P0099,先賢縣子亶,enshrinement_title
294,P0100,秦冉,personal
295,P0100,開,courtesy
296,P0100,先賢秦子冉,enshrinement_title
297,P0101,公明儀,personal
298,P0101,先賢公明子儀,enshrinement_title
299,P0102,牧皮,personal
300,P0102,先賢牧子皮,enshrinement_title
301,P0103,樂正克,personal
302,P0103,先賢樂正子克,enshrinement_title
303,P0104,公都子,personal
304,P0104,先賢公都子,enshrinement_title
305,P0105,萬章,personal
306,P0105,先賢萬子章,enshrinement_title
307,P0106,公孫丑,personal
308,P0106,先賢公孫子丑,enshrinement_title
309,P0107,周敦頤,personal
310,P0107,茂叔,courtesy
311,P0107,元公,posthumous
312,P0107,先賢周子敦頤,enshrinement_title
313,P0108,程顥,personal
314,P0108,伯淳,courtesy
315,P0108,純公,posthumous
316,P0108,明道先生,style
317,P0108,先賢程子顥,enshrinement_title
318,P0109,邵雍,personal
319,P0109,堯夫,courtesy
320,P0109,康節,posthumous
321,P0109,安樂先生,style
322,P0109,先賢邵子雍,enshrinement_title
323,P0110,張載,personal
324,P0110,子厚,courtesy
325,P0110,明公,posthumous
326,P0110,橫渠先生,style
327,P0110,先賢張子載,enshrinement_title
328,P0111,程頤,personal
329,P0111,正叔,courtesy
330,P0111,正公,posthumous
331,P0111,伊川先生,style
332,P0111,先賢程子頤,enshrinement_title
333,P0112,公羊高,personal
334,P0112,先儒公羊子高,enshrinement_title
335,P0113,穀梁赤,personal
336,P0113,先儒穀梁子赤,enshrinement_title
337,P0114,伏勝,personal
338,P0114,子賤,courtesy
339,P0114,先儒伏子勝,enshrinement_title
340,P0115,高堂生,personal
341,P0115,伯,courtesy
342,P0115,先儒高堂子生,enshrinement_title
343,P0116,毛亨,personal
344,P0116,先儒毛子亨,enshrinement_title
345,P0117,孔安國,personal
346,P0117,子國,courtesy
347,P0117,先儒孔子安國,enshrinement_title
348,P0118,董仲舒,personal
349,P0118,寬夫,courtesy
350,P0118,先儒董子仲舒,enshrinement_title
351,P0119,毛萇,personal
352,P0119,先儒毛子萇,enshrinement_title
353,P0120,后蒼,personal
354,P0120,近君,courtesy
355,P0120,先儒后子蒼,enshrinement_title
356,P0121,杜子春,personal
357,P0121,時元,courtesy
358,P0121,先儒杜子子春,enshrinement_title
359,P0122,鄭玄,personal
360,P0122,康成,courtesy
361,P0122,先儒鄭子康成,enshrinement_title
362,P0123,范甯,personal
363,P0123,武子,courtesy
364,P0123,先儒范子甯,enshrinement_title
365,P0124,諸葛亮,personal
366,P0124,孔明,courtesy
367,P0124,忠武,posthumous
368,P0124,先儒諸葛子亮,enshrinement_title
369,P0125,王通,personal
370,P0125,仲淹,courtesy
371,P0125,先儒王子通,enshrinement_title
372,P0126,陸贄,personal
373,P0126,敬輿,courtesy
374,P0126,宣,posthumous
375,P0126,先儒陸子贄,enshrinement_title
376,P0127,韓愈,personal
377,P0127,退之,courtesy
378,P0127,文,posthumous
379,P0127,先儒韓子愈,enshrinement_title
380,P0128,韓琦,personal
381,P0128,稚圭,courtesy
382,P0128,忠獻,posthumous
383,P0128,先儒韓子琦,enshrinement_title
384,P0129,范仲淹,personal
385,P0129,希文,courtesy
386,P0129,文正,posthumous
387,P0129,先儒范子仲淹,enshrinement_title
388,P0130,歐陽修,personal
389,P0130,永叔,courtesy
390,P0130,醉翁,style
391,P0130,六一居士,style
392,P0130,文忠,posthumous
393,P0130,先儒歐陽子修,enshrinement_title
394,P0131,胡瑗,personal
395,P0131,翼之,courtesy
396,P0131,安定先生,style
397,P0131,先儒胡子瑗,enshrinement_title
398,P0132,司馬光,personal
399,P0132,君實,courtesy
400,P0132,文正,posthumous
401,P0132,先儒司馬子光,enshrinement_title
402,P0133,楊時,personal
403,P0133,中立,courtesy
404,P0133,龜山先生,style
405,P0133,文靖,posthumous
406,P0133,先儒楊子時,enshrinement_title
407,P0134,尹焞,personal
408,P0134,彥明,courtesy
409,P0134,德充,courtesy
410,P0134,和靖處士,style
411,P0134,先儒尹子焞,enshrinement_title
412,P0135,謝良佐,personal
413,P0135,顯道,courtesy
414,P0135,先儒謝子良佐,enshrinement_title
415,P0136,胡安國,personal
416,P0136,康侯,courtesy
417,P0136,文定,posthumous
418,P0136,先儒胡子安國,enshrinement_title
419,P0137,李綱,personal
420,P0137,伯紀,courtesy
421,P0137,文定,posthumous
422,P0137,先儒李子綱,enshrinement_title
423,P0138,羅從彥,personal
424,P0138,仲素,courtesy
425,P0138,豫章先生,style
426,P0138,文質,posthumous
427,P0138,先儒羅子從彥,enshrinement_title
428,P0139,李侗,personal
429,P0139,愿中,courtesy
430,P0139,延平先生,style
431,P0139,文靖,posthumous
432,P0139,先儒李子侗,enshrinement_title
433,P0140,陸九淵,personal
434,P0140,子靜,courtesy
435,P0140,象山翁,style
436,P0140,象山先生,style
437,P0140,文安,posthumous
438,P0140,先儒陸子九淵,enshrinement_title
439,P0141,張栻,personal
440,P0141,敬夫,courtesy
441,P0141,南軒先生,style
442,P0141,宣,posthumous
443,P0141,先儒張子栻,enshrinement_title
444,P0142,呂祖謙,personal
445,P0142,伯恭,courtesy
446,P0142,東萊先生,style
447,P0142,成,posthumous
448,P0142,先儒呂子祖謙,enshrinement_title
449,P0143,袁燮,personal
450,P0143,和叔,courtesy
451,P0143,絜齋先生,style
452,P0143,先儒袁子燮,enshrinement_title
453,P0144,黃榦,personal
454,P0144,直卿,courtesy
455,P0144,勉齋先生,style
456,P0144,文肅,posthumous
457,P0144,先儒黃子榦,enshrinement_title
458,P0145,陳淳,personal
459,P0145,安卿,courtesy
460,P0145,北溪先生,style
461,P0145,先儒陳子淳,enshrinement_title
462,P0146,蔡沈,personal
463,P0146,仲默,courtesy
464,P0146,九峯先生,style
465,P0146,先儒蔡子沈,enshrinement_title
466,P0147,真德秀,personal
467,P0147,希元,courtesy
468,P0147,西山先生,style
469,P0147,文忠,posthumous
470,P0147,先儒真子德秀,enshrinement_title
471,P0148,魏了翁,personal
472,P0148,華父,courtesy
473,P0148,鶴山先生,style
474,P0148,文靖,posthumous
475,P0148,先儒魏子了翁,enshrinement_title
476,P0149,何基,personal
477,P0149,子恭,courtesy
478,P0149,文定,posthumous
479,P0149,先儒何子基,enshrinement_title
480,P0150,王柏,personal
481,P0150,會之,courtesy
482,P0150,長嘯,style
483,P0150,魯齋,style
484,P0150,文憲,posthumous
485,P0150,先儒王子柏,enshrinement_title
486,P0151,金履祥,personal
487,P0151,吉夫,courtesy
488,P0151,仁山先生,style
489,P0151,文安,posthumous
490,P0151,先儒金子履祥,enshrinement_title
491,P0152,文天祥,personal
492,P0152,宋瑞,courtesy
493,P0152,履善,courtesy
494,P0152,先儒文子天祥,enshrinement_title
495,P0153,陸秀夫,personal
496,P0153,君實,courtesy
497,P0153,先儒陸子秀夫,enshrinement_title
498,P0154,趙復,personal
499,P0154,仁甫,courtesy
500,P0154,江漢,style
501,P0154,江漢先生,style
502,P0154,先儒趙子復,enshrinement_title
503,P0155,陳澔,personal
504,P0155,可大,courtesy
505,P0155,雲莊,style
506,P0155,北山叟,style
507,P0155,經歸先生,style
508,P0155,先儒陳子澔,enshrinement_title
509,P0156,許謙,personal
510,P0156,益之,courtesy
511,P0156,白雲山人,style
512,P0156,白雲先生,style
513,P0156,文懿,posthumous
514,P0156,先儒許子謙,enshrinement_title
515,P0157,許衡,personal
516,P0157,平仲,courtesy
517,P0157,魯齋先生,style
518,P0157,文正,posthumous
519,P0157,先儒許子衡,enshrinement_title
520,P0158,吳澄,personal
521,P0158,幼清,courtesy
522,P0158,草廬先生,style
523,P0158,文正,posthumous
524,P0158,先儒吳子澄,enshrinement_title
525,P0159,方孝孺,personal
526,P0159,希直,courtesy
527,P0159,希古,courtesy
528,P0159,遜志,style
529,P0159,小韓子,style
530,P0159,先儒方子孝孺,enshrinement_title
531,P0160,曹端,personal
532,P0160,正夫,courtesy
533,P0160,月川先生,style
534,P0160,先儒曹子端,enshrinement_title
535,P0161,薛瑄,personal
536,P0161,德溫,courtesy
537,P0161,敬軒,style
538,P0161,文清,posthumous
539,P0161,先儒薛子瑄,enshrinement_title
540,P0162,胡居仁,personal
541,P0162,叔心,courtesy
542,P0162,文敬,posthumous
543,P0162,先儒胡子居仁,enshrinement_title
544,P0163,陳獻章,personal
545,P0163,公甫,courtesy
546,P0163,文恭,posthumous
547,P0163,先儒陳子獻章,enshrinement_title
548,P0164,蔡清,personal
549,P0164,介夫,courtesy
550,P0164,虛齋先生,style
551,P0164,文莊,posthumous
552,P0164,先儒蔡子清,enshrinement_title
553,P0165,王守仁,personal
554,P0165,伯安,courtesy
555,P0165,文成,posthumous
556,P0165,先儒王子守仁,enshrinement_title
557,P0166,羅欽順,personal
558,P0166,允升,courtesy
559,P0166,整菴,style
560,P0166,文莊,posthumous
561,P0166,先儒羅子欽順,enshrinement_title
562,P0167,呂柟,personal
563,P0167,仲木,courtesy
564,P0167,涇野,style
565,P0167,先儒呂子柟,enshrinement_title
566,P0168,呂坤,personal
567,P0168,叔簡,courtesy
568,P0168,新吾,style
569,P0168,沙隨夫子,style
570,P0168,先儒呂子坤,enshrinement_title
571,P0169,劉宗周,personal
572,P0169,起東,courtesy
573,P0169,蕺山,style
574,P0169,念臺先生,style
575,P0169,忠端,posthumous
576,P0169,忠介,posthumous
577,P0169,先儒劉子宗周,enshrinement_title
578,P0170,黃道周,personal
579,P0170,幼平,courtesy
580,P0170,石齋先生,style
581,P0170,先儒黃子道周,enshrinement_title
582,P0171,孫奇逢,personal
583,P0171,啟泰,courtesy
584,P0171,鍾元,style
585,P0171,先儒孫子奇逢,enshrinement_title
586,P0172,湯斌,personal
587,P0172,孔伯,courtesy
588,P0172,潛菴,style
589,P0172,文正,posthumous
590,P0172,先儒湯子斌,enshrinement_title
591,P0173,陸隴其,personal
592,P0173,稼書,courtesy
593,P0173,清獻,posthumous
594,P0173,先儒陸子隴其,enshrinement_title
595,P0174,張履祥,personal
596,P0174,考夫,courtesy
597,P0174,楊園先生,style
598,P0174,先儒張子履祥,enshrinement_title
