pid,name,name_en,birth_year,death_year,cbdb_id,wikidata_id,merged_into
P0001,木金父,Mujin Fu,,,,,
P0002,祈父,Qi Fu,,,,,
P0003,防叔,Fang Shu,,,,,
P0004,伯夏,Bo Xia,,,,,
P0005,叔梁紇,Shuliang He,,,,,
P0006,孔孟皮,Kong Mengpi,,,,,
P0007,顏無繇,Yan Wuyao,,,,,
P0008,孔鯉,Kong Li,,,,,
P0009,曾點,Zeng Dian,,,,,
P0010,孟孫激,Mengsun Ji,,,,,
P0011,周輔成,Zhou Fucheng,,,,,
P0012,程珦,Cheng Xiang,,,,,
P0013,張迪,Zhang Di,,,,,
P0014,朱松,Zhu Song,,,,,
P0015,蔡元定,Cai Yuanding,,,,,
P0016,孔丘,Kong Qiu,,,,,
P0017,顏回,Yan Hui,,,,,
P0018,曾參,Zeng Shen,,,,,
P0019,孔伋,Kong Ji,,,,,
P0020,孟軻,Meng Ke,,,,,
P0021,閔損,Min Sun,,,,,
P0022,冉雍,Ran Yong,,,,,
P0023,端木賜,Duanmu Ci,,,,,
P0024,仲由,Zhong You,,,,,
P0025,卜商,Bu Shang,,,,,
P0026,有若,You Ruo,,,,,
P0027,冉耕,Ran Geng,,,,,
P0028,宰予,Zai Yu,,,,,
P0029,冉求,Ran Qiu,,,,,
P0030,言偃,Yan Yan,,,,,
P0031,顓孫師,Zhuansun Shi,,,,,
P0032,朱熹,Zhu Xi,,,,,
P0033,蘧瑗,Qu Yuan,,,,,
P0034,公孫僑,Gongsun Qiao,,,,,
P0035,澹臺滅明,Tantai Mieming,,,,,
P0036,林放,Lin Fang,,,,,
P0037,原憲,Yuan Xian,,,,,
P0038,宓不齊,Fu Buqi,,,,,
P0039,南宮适,Nangong Kuo,,,,,
P0040,公冶長,Gongye Chang,,,,,
P0041,商瞿,Shang Qu,,,,,
P0042,公晳哀,Gongxi Ai,,,,,
P0043,漆雕開,Qidiao Kai,,,,,
P0044,高柴,Gao Chai,,,,,
P0045,司馬耕,Sima Geng,,,,,
P0046,樊須,Fan Xu,,,,,
P0047,梁鱣,Liang Zhan,,,,,
P0048,商澤,Shang Ze,,,,,
P0049,冉孺,Ran Ru,,,,,
P0050,巫馬施,Wuma Shi,,,,,
P0051,伯虔,Bo Qian,,,,,
P0052,顏辛,Yan Xin,,,,,
P0053,冉季,Ran Ji,,,,,
P0054,曹卹,Cao Xu,,,,,
P0055,漆雕徒父,Qidiao Tufu,,,,,
P0056,公孫龍,Gongsun Long,,,,,
P0057,漆雕哆,Qidiao Chi,,,,,
P0058,秦商,Qin Shang,,,,,
P0059,公西赤,Gongxi Chi,,,,,
P0060,顏高,Yan Gao,,,,,
P0061,任不齊,Ren Buqi,,,,,
P0062,壤駟赤,Rangsi Chi,,,,,
P0063,公良孺,Gongliang Ru,,,,,
P0064,石作蜀,Shizuo Shu,,,,,
P0065,公肩定,Gongjian Ding,,,,,
P0066,公夏首,Gongxia Shou,,,,,
P0067,鄡單,Qiao Dan,,,,,
P0068,后處,Hou Chu,,,,,
P0069,罕父黑,Hanfu Hei,,,,,
P0070,奚容蒧,Xirong Dian,,,,,
P0071,榮旂,Rong Qi,,,,,
P0072,顏祖,Yan Zu,,,,,
P0073,左人郢,Zuoren Ying,,,,,
P0074,句井疆,Goujing Jiang,,,,,
P0075,鄭國,Zheng Guo,,,,,
P0076,秦祖,Qin Zu,,,,,
P0077,原亢,Yuan Kang,,,,,
P0078,縣成,Xuan Cheng,,,,,
P0079,廉潔,Lian Jie,,,,,
P0080,公祖句茲,Gongzu Gouzi,,,,,
P0081,叔仲會,Shuzhong Hui,,,,,
P0082,燕伋,Yan Ji,,,,,
P0083,公西輿如,Gongxi Yuru,,,,,
P0084,樂欬,Yue Kai,,,,,
P0085,邽巽,Gui Xun,,,,,
P0086,狄黑,Di Hei,,,,,
P0087,陳亢,Chen Kang,,,,,
P0088,孔忠,Kong Zhong,,,,,
P0089,琴張,Qin Zhang,,,,,
P0090,公西蒧,Gongxi Dian,,,,,
P0091,步叔乘,Bushu Cheng,,,,,
P0092,顏之僕,Yan Zhipu,,,,,
P0093,秦非,Qin Fei,,,,,
P0094,施之常,Shi Zhichang,,,,,
P0095,顏噲,Yan Kuai,,,,,
P0096,申棖,Shen Cheng,,,,,
P0097,顏何,Yan He,,,,,
P0098,左丘明,Zuoqiu Ming,,,,,
P0099,縣亶,Xuan Dan,,,,,
P0100,秦冉,Qin Ran,,,,,
P0101,公明儀,Gongming Yi,,,,,
P0102,牧皮,Mu Pi,,,,,
P0103,樂正克,Yuezheng Ke,,,,,
P0104,公都子,Gongdu Zi,,,,,
P0105,萬章,Wan Zhang,,,,,
P0106,公孫丑,Gongsun Chou,,,,,
P0107,周敦頤,Zhou Dunyi,,,,,
P0108,程顥,Cheng Hao,,,,,
P0109,邵雍,Shao Yong,,,,,
P0110,張載,Zhang Zai,,,,,
P0111,程頤,Cheng Yi,,,,,
P0112,公羊高,Gongyang Gao,,,,,
P0113,穀梁赤,Guliang Chi,,,,,
P0114,伏勝,Fu Sheng,,,,,
P0115,高堂生,Gaotang Sheng,,,,,
P0116,毛亨,Mao Heng,,,,,
P0117,孔安國,Kong Anguo,,,,,
P0118,董仲舒,Dong Zhongshu,,,,,
P0119,毛萇,Mao Chang,,,,,
P0120,后蒼,Hou Cang,,,,,
P0121,杜子春,Du Zichun,,,,,
P0122,鄭玄,Zheng Xuan,,,,,
P0123,范甯,Fan Ning,,,,,
P0124,諸葛亮,Zhuge Liang,,,,,
P0125,王通,Wang Tong,,,,,
P0126,陸贄,Lu Zhi,,,,,
P0127,韓愈,Han Yu,,,,,
P0128,韓琦,Han Qi,,,,,
P0129,范仲淹,Fan Zhongyan,,,,,
P0130,歐陽修,Ouyang Xiu,,,,,
P0131,胡瑗,Hu Yuan,,,,,
P0132,司馬光,Sima Guang,,,,,
P0133,楊時,Yang Shi,,,,,
P0134,尹焞,Yin Tun,,,,,
P0135,謝良佐,Xie Liangzuo,,,,,
P0136,胡安國,Hu Anguo,,,,,
P0137,李綱,Li Gang,,,,,
P0138,羅從彥,Luo Congyan,,,,,
P0139,李侗,Li Tong,,,,,
P0140,陸九淵,Lu Jiuyuan,,,,,
P0141,張栻,Zhang Shi,,,,,
P0142,呂祖謙,Lü Zuqian,,,,,
P0143,袁燮,Yuan Xie,,,,,
P0144,黃榦,Huang Gan,,,,,
P0145,陳淳,Chen Chun,,,,,
P0146,蔡沈,Cai Shen,,,,,
P0147,真德秀,Zhen Dexiu,,,,,
P0148,魏了翁,Wei Liaoweng,,,,,
P0149,何基,He Ji,,,,,
P0150,王柏,Wang Bo,,,,,
P0151,金履祥,Jin Lüxiang,,,,,
P0152,文天祥,Wen Tianxiang,,,,,
P0153,陸秀夫,Lu Xiufu,,,,,
P0154,趙復,Zhao Fu,,,,,
P0155,陳澔,Chen Hao,,,,,
P0156,許謙,Xu Qian,,,,,
P0157,許衡,Xu Heng,,,,,
P0158,吳澄,Wu Cheng,,,,,
P0159,方孝孺,Fang Xiaoru,,,,,
P0160,曹端,Cao Duan,,,,,
P0161,薛瑄,Xue Xuan,,,,,
P0162,胡居仁,Hu Juren,,,,,
P0163,陳獻章,Chen Xianzhang,,,,,
P0164,蔡清,Cai Qing,,,,,
P0165,王守仁,Wang Shouren,,,,,
P0166,羅欽順,Luo Qinshun,,,,,
P0167,呂柟,Lü Nan,,,,,
P0168,呂坤,Lü Kun,,,,,
P0169,劉宗周,Liu Zongzhou,,,,,
P0170,黃道周,Huang Daozhou,,,,,
P0171,孫奇逢,Sun Qifeng,,,,,
P0172,湯斌,Tang Bin,,,,,
P0173,陸隴其,Lu Longqi,,,,,
P0174,張履祥,Zhang Lüxiang,,,,,
