id,roster,roster_year,section,order,pid,tablet_as_written,seat_as_written
1,《文廟通考》所載位次,1872,崇聖祠正位,1,P0001,,
2,《文廟通考》所載位次,1872,崇聖祠正位,2,P0002,,
3,《文廟通考》所載位次,1872,崇聖祠正位,3,P0003,,
4,《文廟通考》所載位次,1872,崇聖祠正位,4,P0004,,
5,《文廟通考》所載位次,1872,崇聖祠正位,5,P0005,,
6,《文廟通考》所載位次,1872,崇聖祠配享先賢,1,P0006,,
7,《文廟通考》所載位次,1872,崇聖祠配享先賢,2,P0007,,
8,《文廟通考》所載位次,1872,崇聖祠配享先賢,3,P0008,,
9,《文廟通考》所載位次,1872,崇聖祠配享先賢,4,P0009,,
10,《文廟通考》所載位次,1872,崇聖祠配享先賢,5,P0010,,
11,《文廟通考》所載位次,1872,崇聖祠從祀先儒,1,P0011,,
12,《文廟通考》所載位次,1872,崇聖祠從祀先儒,2,P0012,,
13,《文廟通考》所載位次,1872,崇聖祠從祀先儒,3,P0013,,
14,《文廟通考》所載位次,1872,崇聖祠從祀先儒,4,P0014,,
15,《文廟通考》所載位次,1872,崇聖祠從祀先儒,5,P0015,,
16,《文廟通考》所載位次,1872,大成殿正中,1,P0016,,
17,《文廟通考》所載位次,1872,大成殿四配,1,P0017,,
18,《文廟通考》所載位次,1872,大成殿四配,2,P0018,,
19,《文廟通考》所載位次,1872,大成殿四配,3,P0019,,
20,《文廟通考》所載位次,1872,大成殿四配,4,P0020,,
21,《文廟通考》所載位次,1872,大成殿十二哲,1,P0021,,
22,《文廟通考》所載位次,1872,大成殿十二哲,2,P0022,,
23,《文廟通考》所載位次,1872,大成殿十二哲,3,P0023,,
24,《文廟通考》所載位次,1872,大成殿十二哲,4,P0024,,
25,《文廟通考》所載位次,1872,大成殿十二哲,5,P0025,,
26,《文廟通考》所載位次,1872,大成殿十二哲,6,P0026,,
27,《文廟通考》所載位次,1872,大成殿十二哲,7,P0027,,
28,《文廟通考》所載位次,1872,大成殿十二哲,8,P0028,,
29,《文廟通考》所載位次,1872,大成殿十二哲,9,P0029,,
30,《文廟通考》所載位次,1872,大成殿十二哲,10,P0030,,
31,《文廟通考》所載位次,1872,大成殿十二哲,11,P0031,,
32,《文廟通考》所載位次,1872,大成殿十二哲,12,P0032,,
33,《文廟通考》所載位次,1872,兩廡先賢,1,P0033,,
34,《文廟通考》所載位次,1872,兩廡先賢,2,P0034,,
35,《文廟通考》所載位次,1872,兩廡先賢,3,P0035,,
36,《文廟通考》所載位次,1872,兩廡先賢,4,P0036,,
37,《文廟通考》所載位次,1872,兩廡先賢,5,P0037,,
38,《文廟通考》所載位次,1872,兩廡先賢,6,P0038,,
39,《文廟通考》所載位次,1872,兩廡先賢,7,P0039,,
40,《文廟通考》所載位次,1872,兩廡先賢,8,P0040,,
41,《文廟通考》所載位次,1872,兩廡先賢,9,P0041,,
42,《文廟通考》所載位次,1872,兩廡先賢,10,P0042,,
43,《文廟通考》所載位次,1872,兩廡先賢,11,P0043,,
44,《文廟通考》所載位次,1872,兩廡先賢,12,P0044,,
45,《文廟通考》所載位次,1872,兩廡先賢,13,P0045,,
46,《文廟通考》所載位次,1872,兩廡先賢,14,P0046,,
47,《文廟通考》所載位次,1872,兩廡先賢,15,P0047,,
48,《文廟通考》所載位次,1872,兩廡先賢,16,P0048,,
49,《文廟通考》所載位次,1872,兩廡先賢,17,P0049,,
50,《文廟通考》所載位次,1872,兩廡先賢,18,P0050,,
51,《文廟通考》所載位次,1872,兩廡先賢,19,P0051,,
52,《文廟通考》所載位次,1872,兩廡先賢,20,P0052,,
53,《文廟通考》所載位次,1872,兩廡先賢,21,P0053,,
54,《文廟通考》所載位次,1872,兩廡先賢,22,P0054,,
55,《文廟通考》所載位次,1872,兩廡先賢,23,P0055,,
56,《文廟通考》所載位次,1872,兩廡先賢,24,P0056,,
57,《文廟通考》所載位次,1872,兩廡先賢,25,P0057,,
58,《文廟通考》所載位次,1872,兩廡先賢,26,P0058,,
59,《文廟通考》所載位次,1872,兩廡先賢,27,P0059,,
60,《文廟通考》所載位次,1872,兩廡先賢,28,P0060,,
61,《文廟通考》所載位次,1872,兩廡先賢,29,P0061,,
62,《文廟通考》所載位次,1872,兩廡先賢,30,P0062,,
63,《文廟通考》所載位次,1872,兩廡先賢,31,P0063,,
64,《文廟通考》所載位次,1872,兩廡先賢,32,P0064,,
65,《文廟通考》所載位次,1872,兩廡先賢,33,P0065,,
66,《文廟通考》所載位次,1872,兩廡先賢,34,P0066,,
67,《文廟通考》所載位次,1872,兩廡先賢,35,P0067,,
68,《文廟通考》所載位次,1872,兩廡先賢,36,P0068,,
69,《文廟通考》所載位次,1872,兩廡先賢,37,P0069,,
70,《文廟通考》所載位次,1872,兩廡先賢,38,P0070,,
71,《文廟通考》所載位次,1872,兩廡先賢,39,P0071,,
72,《文廟通考》所載位次,1872,兩廡先賢,40,P0072,,
73,《文廟通考》所載位次,1872,兩廡先賢,41,P0073,,
74,《文廟通考》所載位次,1872,兩廡先賢,42,P0074,,
75,《文廟通考》所載位次,1872,兩廡先賢,43,P0075,,
76,《文廟通考》所載位次,1872,兩廡先賢,44,P0076,,
77,《文廟通考》所載位次,1872,兩廡先賢,45,P0077,,
78,《文廟通考》所載位次,1872,兩廡先賢,46,P0078,,
79,《文廟通考》所載位次,1872,兩廡先賢,47,P0079,,
80,《文廟通考》所載位次,1872,兩廡先賢,48,P0080,,
81,《文廟通考》所載位次,1872,兩廡先賢,49,P0081,,
82,《文廟通考》所載位次,1872,兩廡先賢,50,P0082,,
83,《文廟通考》所載位次,1872,兩廡先賢,51,P0083,,
84,《文廟通考》所載位次,1872,兩廡先賢,52,P0084,,
85,《文廟通考》所載位次,1872,兩廡先賢,53,P0085,,
86,《文廟通考》所載位次,1872,兩廡先賢,54,P0086,,
87,《文廟通考》所載位次,1872,兩廡先賢,55,P0087,,
88,《文廟通考》所載位次,1872,兩廡先賢,56,P0088,,
89,《文廟通考》所載位次,1872,兩廡先賢,57,P0089,,
90,《文廟通考》所載位次,1872,兩廡先賢,58,P0090,,
91,《文廟通考》所載位次,1872,兩廡先賢,59,P0091,,
92,《文廟通考》所載位次,1872,兩廡先賢,60,P0092,,
93,《文廟通考》所載位次,1872,兩廡先賢,61,P0093,,
94,《文廟通考》所載位次,1872,兩廡先賢,62,P0094,,
95,《文廟通考》所載位次,1872,兩廡先賢,63,P0095,,
96,《文廟通考》所載位次,1872,兩廡先賢,64,P0096,,
97,《文廟通考》所載位次,1872,兩廡先賢,65,P0097,,
98,《文廟通考》所載位次,1872,兩廡先賢,66,P0098,,
99,《文廟通考》所載位次,1872,兩廡先賢,67,P0099,,
100,《文廟通考》所載位次,1872,兩廡先賢,68,P0100,,
101,《文廟通考》所載位次,1872,兩廡先賢,69,P0101,,
102,《文廟通考》所載位次,1872,兩廡先賢,70,P0102,,
103,《文廟通考》所載位次,1872,兩廡先賢,71,P0103,,
104,《文廟通考》所載位次,1872,兩廡先賢,72,P0104,,
105,《文廟通考》所載位次,1872,兩廡先賢,73,P0105,,
106,《文廟通考》所載位次,1872,兩廡先賢,74,P0106,,
107,《文廟通考》所載位次,1872,兩廡先賢,75,P0107,,
108,《文廟通考》所載位次,1872,兩廡先賢,76,P0108,,
109,《文廟通考》所載位次,1872,兩廡先賢,77,P0109,,
110,《文廟通考》所載位次,1872,兩廡先賢,78,P0110,,
111,《文廟通考》所載位次,1872,兩廡先賢,79,P0111,,
112,《文廟通考》所載位次,1872,兩廡先儒,1,P0112,,
113,《文廟通考》所載位次,1872,兩廡先儒,2,P0113,,
114,《文廟通考》所載位次,1872,兩廡先儒,3,P0114,,
115,《文廟通考》所載位次,1872,兩廡先儒,4,P0115,,
116,《文廟通考》所載位次,1872,兩廡先儒,5,P0116,,
117,《文廟通考》所載位次,1872,兩廡先儒,6,P0117,,
118,《文廟通考》所載位次,1872,兩廡先儒,7,P0118,,
119,《文廟通考》所載位次,1872,兩廡先儒,8,P0119,,
120,《文廟通考》所載位次,1872,兩廡先儒,9,P0120,,
121,《文廟通考》所載位次,1872,兩廡先儒,10,P0121,,
122,《文廟通考》所載位次,1872,兩廡先儒,11,P0122,,
123,《文廟通考》所載位次,1872,兩廡先儒,12,P0123,,
124,《文廟通考》所載位次,1872,兩廡先儒,13,P0124,,
125,《文廟通考》所載位次,1872,兩廡先儒,14,P0125,,
126,《文廟通考》所載位次,1872,兩廡先儒,15,P0126,,
127,《文廟通考》所載位次,1872,兩廡先儒,16,P0127,,
128,《文廟通考》所載位次,1872,兩廡先儒,17,P0128,,
129,《文廟通考》所載位次,1872,兩廡先儒,18,P0129,,
130,《文廟通考》所載位次,1872,兩廡先儒,19,P0130,,
131,《文廟通考》所載位次,1872,兩廡先儒,20,P0131,,
132,《文廟通考》所載位次,1872,兩廡先儒,21,P0132,,
133,《文廟通考》所載位次,1872,兩廡先儒,22,P0133,,
134,《文廟通考》所載位次,1872,兩廡先儒,23,P0134,,
135,《文廟通考》所載位次,1872,兩廡先儒,24,P0135,,
136,《文廟通考》所載位次,1872,兩廡先儒,25,P0136,,
137,《文廟通考》所載位次,1872,兩廡先儒,26,P0137,,
138,《文廟通考》所載位次,1872,兩廡先儒,27,P0138,,
139,《文廟通考》所載位次,1872,兩廡先儒,28,P0139,,
140,《文廟通考》所載位次,1872,兩廡先儒,29,P0140,,
141,《文廟通考》所載位次,1872,兩廡先儒,30,P0141,,
142,《文廟通考》所載位次,1872,兩廡先儒,31,P0142,,
143,《文廟通考》所載位次,1872,兩廡先儒,32,P0143,,
144,《文廟通考》所載位次,1872,兩廡先儒,33,P0144,,
145,《文廟通考》所載位次,1872,兩廡先儒,34,P0145,,
146,《文廟通考》所載位次,1872,兩廡先儒,35,P0146,,
147,《文廟通考》所載位次,1872,兩廡先儒,36,P0147,,
148,《文廟通考》所載位次,1872,兩廡先儒,37,P0148,,
149,《文廟通考》所載位次,1872,兩廡先儒,38,P0149,,
150,《文廟通考》所載位次,1872,兩廡先儒,39,P0150,,
151,《文廟通考》所載位次,1872,兩廡先儒,40,P0151,,
152,《文廟通考》所載位次,1872,兩廡先儒,41,P0152,,
153,《文廟通考》所載位次,1872,兩廡先儒,42,P0153,,
154,《文廟通考》所載位次,1872,兩廡先儒,43,P0154,,
155,《文廟通考》所載位次,1872,兩廡先儒,44,P0155,,
156,《文廟通考》所載位次,1872,兩廡先儒,45,P0156,,
157,《文廟通考》所載位次,1872,兩廡先儒,46,P0157,,
158,《文廟通考》所載位次,1872,兩廡先儒,47,P0158,,
159,《文廟通考》所載位次,1872,兩廡先儒,48,P0159,,
160,《文廟通考》所載位次,1872,兩廡先儒,49,P0160,,
161,《文廟通考》所載位次,1872,兩廡先儒,50,P0161,,
162,《文廟通考》所載位次,1872,兩廡先儒,51,P0162,,
163,《文廟通考》所載位次,1872,兩廡先儒,52,P0163,,
164,《文廟通考》所載位次,1872,兩廡先儒,53,P0164,,
165,《文廟通考》所載位次,1872,兩廡先儒,54,P0165,,
166,《文廟通考》所載位次,1872,兩廡先儒,55,P0166,,
167,《文廟通考》所載位次,1872,兩廡先儒,56,P0167,,
168,《文廟通考》所載位次,1872,兩廡先儒,57,P0168,,
169,《文廟通考》所載位次,1872,兩廡先儒,58,P0169,,
170,《文廟通考》所載位次,1872,兩廡先儒,59,P0170,,
171,《文廟通考》所載位次,1872,兩廡先儒,60,P0171,,
172,《文廟通考》所載位次,1872,兩廡先儒,61,P0172,,
173,《文廟通考》所載位次,1872,兩廡先儒,62,P0173,,
174,《文廟通考》所載位次,1872,兩廡先儒,63,P0174,,
