key,kind,title,authors,year,publisher,url,hathitrust_id
kmjsyj,monograph,董喜宁《孔庙祭祀研究》(2014),,,,,
gssw,monograph,柳银珠《国尚师位——历史中的儒家释奠礼》(2013),,,,,
coo-31924082591102,primary,Kunming xian zhi [昆明縣志],"Dai, Jiongsun",1913,"Kunming, Wen miao gui xiang lou",https://hdl.handle.net/2027/coo.31924082591102,coo.31924082591102
hvd-32044068331602,primary,Huang chao ji qi yue wu lu [皇朝祭器樂舞錄],"Yan, Shusen; Xu, Changda",1871,"Chubei, Chongwen shu ju",https://hdl.handle.net/2027/hvd.32044068331602,hvd.32044068331602
hvd-32044068331693,primary,Wen miao shang ding li yue bei kao [文廟上丁禮樂備考],"Liu, Kunyi",1870,"Xianggang, Yi li zhai",https://hdl.handle.net/2027/hvd.32044068331693,hvd.32044068331693
hvd-32044068331768,primary,Wen miao tong kao [文廟通考],"Niu, Shumei",1872,"China, Zhejiang shu ju",https://hdl.handle.net/2027/hvd.32044068331768,hvd.32044068331768
hvd-32044068331941,primary,Wen miao shi dian [文廟史典],"Mo, Ruitang",1829,n.p.,https://hdl.handle.net/2027/hvd.32044068331941,hvd.32044068331941
hvd-32044068331958,primary,Wen miao hui kao [文廟彙考],"Jiang, Yiqing; Gong, Shengzheng",1827,n.p.,https://hdl.handle.net/2027/hvd.32044068331958,hvd.32044068331958
hvd-32044068332014,primary,Wen miao ding ji pu [文廟丁祭譜],"Lan, Zhongrui",1845,"Xingling, Zun jing ge",https://hdl.handle.net/2027/hvd.32044068332014,hvd.32044068332014
hvd-32044068332576,primary,Wen miao li yue zhai yao [文廟禮樂摘要],"Ye, Boying",1885,"Xi'an, n.p.",https://hdl.handle.net/2027/hvd.32044068332576,hvd.32044068332576
hvd-32044068333962,primary,Jinyang ming bei lu [晋陽明備錄],"Shao, Xian",1882,"Jinyang, n.p.",https://hdl.handle.net/2027/hvd.32044068333962,hvd.32044068333962
nnc1-cu04805356,primary,"Wen miao si dian kao [文廟祀典考], v. 1-6","Pang, Zhonglu",1878,Pang shi jia,https://hdl.handle.net/2027/nnc1.cu04805356,nnc1.cu04805356
nnc1-cu04805364,primary,"Wen miao si dian kao [文廟祀典考], v. 7-12","Pang, Zhonglu",1878,Pang shi jia,https://hdl.handle.net/2027/nnc1.cu04805364,nnc1.cu04805364
nnc1-cu51462109,primary,Wen miao tong kao [文廟通考],"Niu, Shumei",1872,"China, Zhejiang shu ju",https://hdl.handle.net/2027/nnc1.cu51462109,nnc1.cu51462109
uc1-c2685111,primary,Wen miao cong si wei ci kao [文廟從祀位次考],"Chen, Jin",1886,Ju yin xuan cang ban,https://hdl.handle.net/2027/uc1.c2685111,uc1.c2685111
uc1-c2783919,primary,Munmyo hyangsarok [文廟享祀錄],"Kim, Kwi-ju; Ku, Sang",1765,n.p.,https://hdl.handle.net/2027/uc1.c2783919,uc1.c2783919
