id,name,level,polity_id,modern_country,founded_year,latitude,longitude,successor_id,wikidata_id
521,墨江文庙,unknown,1,China,,23.436290,101.693670,,Q116695137
522,绩溪文庙,unknown,1,China,,30.074560,118.589200,,Q117436805
523,高雄孔子廟,unknown,1,Taiwan,1684,22.689306,120.299028,,Q1194922
524,闽清文庙,unknown,1,China,1004,26.226956,118.863589,,Q123298711
525,나주향교 대성전,unknown,2,South Korea,,35.034028,126.711111,,Q12589647
526,宁德文庙,unknown,1,China,,26.663333,119.523611,,Q125914619
527,郏县文庙,unknown,1,China,,33.969031,113.208542,,Q130269999
528,太康文庙,unknown,1,China,,34.066958,114.862200,,Q130281248
529,汝州文庙,unknown,1,China,,34.164647,112.836603,,Q130342900
530,禹州文庙,unknown,1,China,,34.163583,113.465189,,Q130343716
531,南阳府文庙,unknown,1,China,,32.999633,112.535150,,Q130345413
532,臺北府文廟,unknown,1,,1884,,,,Q130421230
533,新乡文庙,unknown,1,China,,35.304828,113.869217,,Q130455499
534,河南府文庙,unknown,1,China,,34.682703,112.476361,,Q130602260
535,昆明文庙,unknown,1,China,,25.045210,102.707230,,Q130722142
536,弥渡文庙,unknown,1,China,,25.350530,100.486200,,Q130722810
537,嵩明文庙,unknown,1,China,,25.344120,103.035670,,Q130915748
538,邓川文庙,unknown,1,China,,25.988600,100.079420,,Q130915752
539,华宁文庙,unknown,1,China,,24.195460,102.926840,,Q130915757
540,通海文庙,unknown,1,China,,24.108633,102.756650,,Q130915762
541,峨山文庙,unknown,1,China,,24.180150,102.402556,,Q130915765
542,蒙自文庙,unknown,1,China,,23.369050,103.402870,,Q130915767
543,大姚文庙,unknown,1,China,,25.725260,101.322670,,Q130915770
544,广通文庙,unknown,1,China,,25.171800,101.750100,,Q130915773
545,南涧文庙,unknown,1,China,,25.055081,100.525943,,Q130915776
546,玉溪文庙,unknown,1,China,,24.353839,102.543431,,Q130915780
547,罗雄文庙,unknown,1,China,,24.885920,104.295670,,Q130915784
548,宣威文庙,unknown,1,China,,26.219000,104.100990,,Q130915786
455,日月潭文武廟,unknown,1,Taiwan,1938,23.869930,120.927670,,Q10311331
456,北京孔廟,unknown,1,China,1302,39.945183,116.408299,,Q1064580
457,Kiến An Cung,unknown,3,Vietnam,,,,,Q10780311
458,高嶺文聖廟,unknown,3,Vietnam,,10.461600,105.635000,,Q10833431
459,永隆文聖廟,unknown,3,Vietnam,,,,,Q10833433
460,順化文廟,unknown,3,Vietnam,,16.452900,107.539000,,Q10833485
461,鎮邊文廟,unknown,3,Vietnam,2002,10.964800,106.801500,,Q10833486
462,万泉文庙,unknown,1,China,,35.360833,110.803333,,Q10865107
463,东明文庙,unknown,1,China,,,,,Q10870445
464,临沂孔庙,unknown,1,China,1997,35.072410,118.332750,,Q10877136
465,乐陵文庙,unknown,1,China,,,,,Q10878481
466,代县文庙,unknown,1,China,,39.058900,112.949700,,Q10884397
467,兰州府文庙,unknown,1,China,,36.056624,103.824808,,Q10893616
468,南召文庙,unknown,1,China,,35.814100,113.317010,,Q10907110
469,双溪文庙,unknown,1,China,,27.022778,119.041667,,Q10912325
470,嘉定孔庙,unknown,1,China,,31.383500,121.248400,,Q10923985
471,嘉義孔子廟,unknown,1,Taiwan,1706,23.482278,120.466472,,Q10924088
472,堂邑文庙,unknown,1,China,,,,,Q10930526
473,大同府文庙,unknown,1,China,,40.087500,113.299444,,Q10934177
474,鳳山縣文廟,unknown,,,,,,,Q109345453
475,呈贡文庙,unknown,1,China,,24.894840,102.797971,,Q109347640
476,澄江文庙,unknown,1,China,,24.672848,102.918850,,Q109365970
477,天津文庙,unknown,1,China,,39.140906,117.183117,,Q10940222
478,太原县文庙,unknown,1,China,,37.726860,112.482400,,Q10941040
479,太原府文庙,unknown,1,China,,37.865278,112.573611,,Q10941054
480,襄城文庙,unknown,1,China,,33.851542,113.471319,,Q109415016
481,孔子廟 (長崎),unknown,4,Japan,1893,32.735490,129.872695,,Q10944270
482,学宫大成殿,unknown,1,China,,22.191710,112.305190,,Q10945380
483,安宁文庙,unknown,1,China,,24.926370,102.485430,,Q10946554
484,安福文庙,unknown,1,China,,27.384500,114.607500,,Q10947141
485,宝山文庙,unknown,1,China,,31.411630,121.488670,,Q10949361
486,富顺文庙,unknown,1,China,,29.181930,105.000540,,Q10954929
487,福州文庙,unknown,1,China,1851,26.081000,119.297200,,Q10963197
488,至聖廟,unknown,4,Japan,1676,26.219167,127.671944,,Q1101111
489,崞阳文庙,unknown,1,China,,38.884896,112.758173,,Q11054273
490,巨野文庙,unknown,1,China,,35.394147,116.090575,,Q11057940
491,平遥文庙,unknown,1,China,,37.200278,112.183889,,Q11061321
492,平阴文庙,unknown,1,China,,,,,Q11061356
493,广丰文庙,unknown,1,China,,28.439722,118.187222,,Q11061824
494,建德文庙,unknown,1,China,,,,,Q11065353
495,建水文庙,unknown,1,China,,23.618100,102.819739,,Q11065434
496,开平学宫,unknown,1,China,,22.478803,112.553518,,Q11065781
497,德庆学宫,unknown,1,China,,23.142319,111.763128,,Q11071668
498,德阳文庙,unknown,1,China,,31.132210,104.389020,,Q11071901
499,文武二帝廟,unknown,1,China,,22.448960,114.164440,,Q11079993
500,新竹市孔廟,unknown,1,Taiwan,,24.800081,120.978126,,Q11083997
501,绛州文庙,unknown,1,China,,35.617840,111.224450,,Q11084129
502,桃園孔子廟,unknown,1,Taiwan,1989,25.001167,121.327667,,Q11111983
503,桐城文庙,unknown,1,China,,31.054180,116.946020,,Q11112624
504,梅窩文武廟,unknown,1,China,,22.271679,113.991205,,Q11115113
505,正定县文庙,unknown,1,China,,38.142889,114.561278,,Q11123396
506,永和文庙,unknown,1,China,,36.758050,110.628460,,Q11131315
507,江川文庙,unknown,1,China,,24.436750,102.811510,,Q11134368
508,汶上文庙,unknown,1,China,,,,,Q11137318
509,浑源文庙,unknown,1,China,,39.697220,113.682940,,Q11148376
510,浮山文庙,unknown,1,China,,,,,Q11149378
511,海丰红宫、红场旧址,unknown,1,China,,22.970000,115.330556,,Q11149587
512,海阳县儒学宫,unknown,1,China,,23.670802,116.643601,,Q11151417
513,鳳山舊城孔子廟崇聖祠,unknown,1,Taiwan,1704,22.683790,120.292500,,Q11173776
514,龍谷書院,unknown,2,North Korea,1658,39.031667,125.622500,,Q11180665
515,凤仪文庙,unknown,1,China,,25.583793,100.311226,,Q113260782
516,祥云文庙,unknown,1,China,,25.480470,100.557730,,Q113997221
517,巍山文庙,unknown,1,China,,25.228820,100.306960,,Q114032223
518,忍岡聖堂,unknown,4,Japan,1632,,,,Q11490751
519,腾冲文庙,unknown,1,China,,25.029724,98.498061,,Q115555207
520,大理文庙,unknown,1,China,,25.695990,100.158830,,Q116492704
549,保山县文庙,unknown,1,China,,25.118550,99.159970,,Q130915790
550,昭通文庙,unknown,1,China,,27.337190,103.717370,,Q130915793
551,永昌府文庙,unknown,1,China,,25.119490,99.161400,,Q130915795
552,宁洱文庙,unknown,1,China,,23.060766,101.043736,,Q130915800
553,琅井文庙,unknown,1,China,,25.334220,101.675430,,Q130915802
554,易门文庙,unknown,1,China,,24.674682,102.160739,,Q130915805
555,昆阳文庙,unknown,1,China,,24.666979,102.591733,,Q130957203
556,南华文庙,unknown,1,China,,25.193463,101.272695,,Q130957204
557,弥勒文庙,unknown,1,China,,24.404070,103.441230,,Q130957205
558,曲靖文庙,unknown,1,China,,25.457539,103.811900,,Q130957206
559,云龙州文庙,unknown,1,China,,25.814340,99.368000,,Q130957208
560,富源文庙,unknown,1,China,,25.676660,104.253112,,Q130957854
561,州城文庙,unknown,1,China,,25.741068,100.581844,,Q130958098
562,剑川文庙,unknown,1,China,,26.537545,99.896622,,Q130966188
563,阳宗镇旧文庙,unknown,1,China,,24.820150,102.975360,,Q130966190
564,"Minh Huong Temple of Literature, Hoi An",unknown,3,Vietnam,,15.878715,108.330476,,Q132483343
565,武冈文庙,unknown,1,China,,,,,Q134721361
566,"Temple of Confucius, New York City",unknown,,United States,,,,,Q13475363
567,臺北孔子廟,unknown,1,Taiwan,1879,25.072900,121.516600,,Q136181
568,鳳林國小孔子祠,unknown,1,Taiwan,1950,23.743580,121.447232,,Q137173548
569,南安國小孔子祠,unknown,1,Taiwan,1948,23.098417,120.224594,,Q137739916
570,安化文庙,unknown,1,China,,,,,Q139891902
571,师宗文庙,unknown,1,China,,24.831380,103.985870,,Q139990006
572,南宁孔庙,unknown,1,China,2011,22.780677,108.389201,,Q140850041
573,阳宗县文庙,unknown,1,China,,24.820150,102.975361,,Q140962730
574,浚县文庙,unknown,1,China,,35.670360,114.540420,,Q141191879
575,三圣宫,unknown,,Malaysia,1887,5.840823,118.114300,,Q14912624
576,毛田文廟,unknown,3,Vietnam,,20.935000,106.186111,,Q1532226
577,崇明学宫,unknown,1,China,,31.620928,121.397011,,Q15897605
578,臺中市孔廟,unknown,1,Taiwan,1976,24.154278,120.689972,,Q15903957
579,萃文書院,unknown,1,Taiwan,1812,22.917986,120.453388,,Q15925486
580,萧县文庙,unknown,1,China,,,,,Q15933902
581,泉州府文庙,unknown,1,China,,24.908889,118.585556,,Q15938251
582,灌县文庙,unknown,1,China,,31.004639,103.615280,,Q15939882
583,归善学宫,unknown,1,China,,23.090354,114.415784,,Q15940464
584,夏县文庙,unknown,1,China,,35.135090,111.219030,,Q15954314
585,襄垣文庙,unknown,1,China,,36.531180,113.045090,,Q15954673
586,太谷文庙,unknown,1,China,,37.422222,112.556944,,Q15972920
587,介休文庙,unknown,1,China,,37.025556,111.917500,,Q16076369
588,静升文庙,unknown,1,China,,36.895278,111.869722,,Q16076391
589,扶餘 彰烈祠,unknown,2,South Korea,1717,36.245194,126.796639,,Q16095200
590,淸風祠,unknown,2,South Korea,,36.063333,127.547222,,Q16095717
591,光州 褒忠祠,unknown,2,South Korea,,35.090556,126.847222,,Q16095976
592,左營啟明堂,unknown,1,Taiwan,,22.682390,120.292170,,Q16241505
593,梅州学宫,unknown,1,China,,24.312222,116.111328,,Q16741358
594,揭阳学宫,unknown,1,China,,23.538611,116.351389,,Q17002213
595,金庄文庙,unknown,1,China,,37.196667,112.229722,,Q17002472
596,辽州文庙,unknown,1,China,,37.075556,113.369167,,Q17004040
597,犍为文庙,unknown,1,China,,29.207600,103.949980,,Q17024990
598,离石文庙,unknown,1,China,,,,,Q17025510
599,长子文庙,unknown,1,China,,36.119762,112.876813,,Q17025512
600,阳城文庙,unknown,1,China,,35.479559,112.425325,,Q17025514
601,静乐文庙,unknown,1,China,,38.355640,111.938750,,Q17025515
602,清源文庙,unknown,1,China,,37.611217,112.341560,,Q17029287
603,潞城文庙,unknown,1,China,,,,,Q17033351
604,绛县文庙,unknown,1,China,,35.488210,111.564200,,Q17033384
605,高唐文庙,unknown,1,China,,,,,Q17034618
606,南原 龜川祠,unknown,2,South Korea,1856,35.370556,127.313056,,Q17094834
607,論山 忠憲祠,unknown,2,South Korea,,36.594929,126.291772,,Q17094860
608,論山 遯岩書院 惟敬祠,unknown,2,South Korea,1634,36.209232,127.177984,,Q17094867
609,금구향교 대성전,unknown,2,South Korea,1390,35.773056,127.010833,,Q17157499
610,무주향교 대성전,unknown,2,South Korea,,36.007778,127.666111,,Q17157986
611,尼山孔庙,unknown,1,China,,35.503620,117.217780,,Q17163983
612,湯島聖堂,unknown,4,Japan,1690,35.700833,139.766389,,Q1760591
613,Q18033145,unknown,1,China,,,,,Q18033145
614,Gredja Boen Bio,unknown,,Indonesia,,-7.238333,112.748056,,Q1820075
615,罗定学宫,unknown,1,China,,22.776667,111.558611,,Q18646598
616,新会学宮,unknown,1,China,,,,,Q1868704
617,上海文庙,unknown,1,China,,31.219700,121.483000,,Q1909323
618,乐山文庙,unknown,1,China,,29.561111,103.760000,,Q19670698
619,中江文廟,unknown,1,China,,31.033510,104.674410,,Q21017185
620,儀隴文廟,unknown,1,China,,31.521430,106.404540,,Q21017250
621,劍州文廟,unknown,1,China,,32.040130,105.471130,,Q21017284
622,南部文廟,unknown,1,China,,31.355130,106.062390,,Q21017331
623,名山文庙,unknown,1,China,,30.090040,103.107210,,Q21017347
624,安岳文廟,unknown,1,China,,30.096530,105.332810,,Q21017478
625,岳池文廟,unknown,1,China,,30.537270,106.434710,,Q21017517
626,崇寧文廟,unknown,1,China,,30.929480,103.820650,,Q21017524
627,崇慶州文廟,unknown,1,China,,30.629515,103.671962,,Q21017526
628,廣安文廟,unknown,1,China,,30.472360,106.632540,,Q21017570
629,廣漢文廟,unknown,1,China,,30.976977,104.281086,,Q21017575
630,清溪文廟,unknown,1,China,,29.581780,102.622270,,Q21017849
631,渠縣文廟,unknown,1,China,,30.840670,106.966920,,Q21017851
632,溫江文廟,unknown,1,China,,30.700669,103.835063,,Q21017856
633,蒲江文廟,unknown,1,China,,30.201363,103.505276,,Q21018160
634,西充文庙,unknown,1,China,,30.988478,105.889994,,Q21018192
635,資中文廟,unknown,1,China,,29.783580,104.848960,,Q21018235
636,红四方面军总指挥部旧址,unknown,1,China,,31.916080,107.240510,,Q21018257
637,金仙文廟,unknown,1,China,,31.635790,105.589140,,Q21018301
638,金堂文武廟,unknown,1,China,,30.860936,104.315999,,Q21018304
639,雙河文廟,unknown,1,China,,28.382940,104.884720,,Q21018371
640,兴宁学宫,unknown,1,China,,24.138412,115.727044,,Q2177310
641,多久聖廟,unknown,4,Japan,1708,33.259700,130.098000,,Q2278548
642,长乐学宫,unknown,1,China,,24.067917,115.614044,,Q24836741
643,香港文武廟,unknown,1,China,,22.283982,114.150239,,Q30963154
644,曲阜孔庙,unknown,1,China,478,35.596700,116.984000,,Q339822
645,羅東孔子廟,unknown,1,Taiwan,,24.675636,121.761664,,Q41282539
646,高雄旗山孔子廟,unknown,1,Taiwan,1985,22.888800,120.477000,,Q45030608
647,蘇州文廟,unknown,1,China,,31.296000,120.619000,,Q4807033
648,楚雄文庙,unknown,1,China,,25.036780,101.546850,,Q48895222
649,宜蘭孔子廟,unknown,1,Taiwan,,24.762921,121.756131,,Q51024036
650,敦源聖廟,unknown,1,Taiwan,,22.969135,120.301053,,Q54655178
651,石林文庙,unknown,1,China,,24.765539,103.265917,,Q55101653
652,旌德文庙,unknown,1,China,,30.289444,118.536111,,Q55695543
653,庐州文庙,unknown,1,China,,,,,Q55716128
654,청주 상당사,unknown,2,South Korea,,36.656944,127.528333,,Q55734876
655,청주 서원 모충사,unknown,2,South Korea,,36.627778,127.470278,,Q55734880
656,화성 금산사,unknown,2,South Korea,1912,37.190278,126.888333,,Q55736136
657,화순 벽지리 충효사,unknown,2,South Korea,1598,34.954722,126.888889,,Q55736160
658,海濱國小孔子祠,unknown,1,Taiwan,,22.464419,120.442013,,Q56025605
659,象山孔廟,unknown,1,Taiwan,,24.575201,120.865030,,Q56604545
660,濟南府學文廟,unknown,1,China,,36.670300,117.017100,,Q5974541
661,首爾文廟,unknown,2,South Korea,1398,37.585338,126.996688,,Q625709
662,宜春文庙,unknown,1,China,1934,27.800808,114.385189,,Q62681003
663,居昌 悟禮祠,unknown,2,South Korea,1870,35.570203,127.872556,,Q65234888
664,보은 풍림정사,unknown,2,South Korea,1872,36.481789,127.597658,,Q65252704
665,河東 景賢祠,unknown,2,South Korea,1784,35.193736,127.865611,,Q65309764
666,하동 금남사,unknown,2,South Korea,1682,35.182535,127.759601,,Q65309778
667,함안 무산사,unknown,2,South Korea,,35.323806,128.515583,,Q65333705
668,Hòn Chén Temple,unknown,3,Vietnam,,16.420100,107.562100,,Q66213453
669,臺南孔子廟,unknown,1,Taiwan,1665,22.990300,120.204000,,Q697776
670,彰化孔子廟,unknown,1,Taiwan,1726,24.079000,120.543000,,Q699406
671,乌鲁木齐文庙,unknown,1,China,1922,43.801060,87.626510,,Q71540747
672,東華三院文武廟,unknown,1,China,1847,22.284000,114.150000,,Q717524
673,番禺学宫,unknown,1,China,,23.130339,113.271333,,Q7217999
674,兴安文庙,unknown,3,Vietnam,,20.661944,106.048889,,Q7698740
675,颜庙,unknown,1,China,,35.600800,116.989000,,Q770590
676,봉화 청량정사,unknown,2,South Korea,,36.787778,128.919722,,Q82326359
677,유곡사,unknown,2,South Korea,1674,36.136667,127.476667,,Q82327793
678,화대리 성강서사,unknown,2,South Korea,1851,36.075278,129.221944,,Q82328060
679,新龍宮,unknown,1,Taiwan,,22.375744,120.583637,,Q82978064
680,南京夫子廟,unknown,1,China,,32.020500,118.789000,,Q835494
681,日照文庙,unknown,1,China,,,,,Q97301320
