id,title,compiler_as_written,juan,date_as_written,year,date_precision
12,文廟享祀錄,"Kim, Kwi-ju; Ku, Sang",,1765 (catalogue date),1765,year
6,文廟彙考,"Jiang, Yiqing; Gong, Shengzheng",,1827 (catalogue date),1827,year
5,文廟史典,"Mo, Ruitang",,1829 (catalogue date),1829,year
7,文廟丁祭譜,"Lan, Zhongrui",,1845 (catalogue date),1845,year
3,文廟上丁禮樂備考,"Liu, Kunyi",,1870 (catalogue date),1870,year
2,皇朝祭器樂舞錄,"Yan, Shusen; Xu, Changda",,1871 (catalogue date),1871,year
4,文廟通考,"Niu, Shumei",,1872 (catalogue date),1872,year
10,文廟祀典考,"Pang, Zhonglu",,1878 (catalogue date),1878,year
9,晋陽明備錄,"Shao, Xian",,1882 (catalogue date),1882,year
8,文廟禮樂摘要,"Ye, Boying",,1885 (catalogue date),1885,year
11,文廟從祀位次考,"Chen, Jin",,1886 (catalogue date),1886,year
1,昆明縣志,"Dai, Jiongsun",,1913 (catalogue date),1913,year
